#ejercicio,Org.,Prog.,Econ.,Denominación (CASTELLANO),Vinc. Org.,Vinc. Fun.,Vinc. Eco.,Créditos Iniciales,Modificaciones de Crédito,Créditos Definitivos,Obligaciones Reconocidas
2015,02   ,338  ,48901  ,AT2 (ACC TRANSV TRANSF SOC) FESTIVAL ESPERANZHA   ,02,338  ,489   ,0,12000,12000,0
2015,03   ,324  ,789    ,TRANSF CAPITAL IES RIBERA BAIXA                   ,03,324  ,789   ,0,30000,30000,30000
2015,16   ,172  ,609    ,JUNCALES CAL TET  Y TRASLADO PUENTE CAL NYEPA       ,16,172  ,609   ,0,21000,21000,19355.16
2015,07   ,161  ,821201 ,PRÉSTAMO LARGO PLAZO AIGÜES DEL PRAT SA,07,161  ,82120 ,0,3595317.81,3595317.81,3595317.81
2015,16   ,171  ,609    ,"URB ESPACIO PUB FONDO PEIXO, PISTAS SKATE J RIBERA",16,171  ,609   ,0,1284000,1284000,379030.08
2015,10   ,241  ,48901  ,SUBVENCIÓN ASSOCIACIÓ TREBALLADOR DE VALEO,10,241  ,48901 ,0,2000,2000,0
2015,16   ,161  ,619    ,MEJORAS ALCANTARILLADO PUNTOS CONFLICTIVOS,16,161  ,619   ,0,170000,170000,167870.87
2015,02   ,338  ,489    ,G.A.T.S. FESTIVAL ESPERANZHA,02,338  ,489   ,0,8000,8000,0
2015,09   ,2317 ,789    ,TRANFERÉNCIAS CAPITAL DISPRAT LLEURE,09,2317 ,789   ,0,43958.78,43958.78,27958.78
2015,14   ,231  ,464    ,AMB URGÉNCIA SOCIAL,14,231  ,464   ,0,16800,16800,6503.52
2015,11   ,312  ,789    ,TRANSF CAPITAL ASSOC FAMILIARS ALZHEIMER      ,11,312  ,789   ,0,94000,94000,93936.94
2015,07   ,133  ,82120  ,PRÉSTAMO LARGO PLAZO PRAT ESPAIS,07,133  ,82120 ,0,2089351.5,2089351.5,2089351.5
2015,16   ,1531 ,609    ,ROTONDA ENTRADA PRAT DE CTRA CA L'ALAIO ,16,1531 ,609   ,0,520000,520000,41.74
2015,16   ,133  ,609    ,PLATAFORMAS BUS Y MEJORA MARQUESINAS,16,133  ,609   ,0,68000,68000,68000
2015,14   ,2311 ,227995 ,SERVICIO PRELABORAL,14,23   ,22    ,0,52000,52000,2241.86
2015,07   ,920  ,227991 ,PRESTACIÓN SERVICIOS PROMOCIÓN DE LA CIUDAD,07,92   ,22    ,0,28000,28000,27999.99
2015,03   ,3232 ,13001  ,HORAS EXTRAORDINÁRIAS PERSONAL LABORAL FIJO,  ,3    ,1     ,852,0,852,903.48
2015,03   ,3232 ,13199  ,RETRIBUCIONES PERSONAL LABORAL TEMPORAL-SUPLENCIAS,  ,3    ,1     ,16169,0,16169,31559.36
2015,03   ,3232 ,16000  ,CUOTAS SEGURIDAD SOCIAL,  ,3    ,1     ,101674,0,101674,92537.13
2015,03   ,3232 ,212    ,ESCUELAS-CONSERVACIÓN Y REPARACIÓN,03,32   ,21    ,652200,0,652200,628049.35
2015,03   ,3232 ,221002 ,SUBM. ENERGÍA ELÉCTRICA ESCUELAS,03,32   ,22    ,216399,0,216399,172530.26
2015,03   ,3232 ,221012 ,CONSUMO AGUA ESCUELAS ,03,32   ,22    ,40704,0,40704,53329.49
2015,03   ,3232 ,221022 ,ESCUELAS-SUBM. GAS,03,32   ,22    ,199500,0,199500,135456.12
2015,03   ,3232 ,221042 ,VESTUARIO EDUCACIÓN ,03,32   ,22    ,12150,-5000,7150,1435.03
2015,03   ,3232 ,227002 ,LIMPIEZA ESCUELAS,03,32   ,22    ,1896303,0,1896303,1896302.52
2015,03   ,326  ,22699  ,GASTOS DIVERSOS,03,32   ,22    ,1932,0,1932,0
2015,03   ,326  ,226991 ,GASTOS DIVERSOS ACT. FORMACIÓN PADRES Y MADRES,03,32   ,22    ,900,0,900,0
2015,03   ,326  ,226992 ,CAMPAÑA ANEM AL TEATRE,03,32   ,22    ,5000,0,5000,3494.82
2015,03   ,326  ,227991 ,PREST SERV FORMACIÓN PADRES Y MADRES,03,32   ,22    ,8910,0,8910,8273.05
2015,03   ,326  ,227992 ,PREST SERV ESTUDIOS PROY. EDUC. CIUDAD,03,32   ,22    ,5000,0,5000,0
2015,03   ,326  ,227993 ,PREST SERV CIUDAD DE LA INFANCIA,03,32   ,22    ,10260,0,10260,10457.63
2015,03   ,326  ,227994 ,PREST SERVICIOS-PATIO ABIERTO,03,32   ,22    ,29000,0,29000,23926.86
2015,03   ,326  ,489    ,TRANSF CORRIENTES AMPAS,03,32   ,48    ,36450,0,36450,36408.37
2015,03   ,326  ,48901  ,TRANSF CORRIENTES PROYECTOS PEDAGÓGICOS,03,32   ,48    ,30000,0,30000,29437.5
2015,03   ,326  ,48903  ,ACTIVIDADES PROYECTO APRENDIZAJE INGLÉS,03,32   ,48    ,9900,0,9900,7028.38
2015,03   ,326  ,48904  ,TRANSF CORRIENTES INST BALDIRI GUILERA ENSEÑANZA M,03,326  ,48904 ,4000,0,4000,4000
2015,03   ,326  ,48905  ,TRANSF CORRIENTES LIBROS DE TEXTO Y MAT EDUC,03,32   ,48    ,95000,0,95000,79249.31
2015,03   ,326  ,48906  ,TRANSF CORRIENTES INS-ESCOLA Y J. BALMES,03,326  ,48906 ,23000,0,23000,22978.32
2015,03   ,326  ,48907  ,BECAS ALUMNADO ACTIV EXTRAESC COMPLEMENTO,03,32   ,48    ,40000,28200,68200,44600.58
2015,03   ,341  ,22799  ,NATACIÓN ESCOLAR CEE CAN RIGOL,03,34   ,22    ,3000,0,3000,2924.4
2015,03   ,912  ,10000  ,RETRIBUCIONES BÁSICAS ÓRGANOS DE GOBIERNO,  ,9    ,1     ,55400,0,55400,56592.67
2015,03   ,912  ,16000  ,CUOTAS SEGURIDAD SOCIAL,  ,9    ,1     ,14085,0,14085,14554.6
2015,03   ,922  ,12000  ,SUELDOS DEL GRUPO A1,  ,9    ,1     ,14677,0,14677,0
2015,03   ,922  ,12003  ,SUELDOS DEL GRUPO C1,  ,9    ,1     ,9885,0,9885,9473.4
2015,03   ,922  ,12006  ,TRIENIOS,  ,9    ,1     ,4236,0,4236,4072.97
2015,03   ,922  ,12100  ,COMPLEMENTO DE DESTINO,  ,9    ,1     ,12431,0,12431,4095.85
2015,03   ,922  ,12101  ,COMPLEMENTO ESPECÍFICO,  ,9    ,1     ,29387,0,29387,9847.98
2015,03   ,922  ,16000  ,CUOTAS SEGURIDAD SOCIAL,  ,9    ,1     ,17942,0,17942,7213.97
2015,04   ,340  ,12000  ,SUELDOS DEL GRUPO A1,  ,3    ,1     ,14677,0,14677,14442.14
2015,04   ,340  ,12003  ,SUELDOS DEL GRUPO C1,  ,3    ,1     ,19770,0,19770,19769.68
2015,04   ,340  ,12004  ,SUELDOS DEL GRUPO C2,  ,3    ,1     ,8379,0,8379,8378.58
2015,04   ,340  ,12006  ,TRIENIOS,  ,3    ,1     ,7506,0,7506,7478.57
2015,04   ,340  ,12100  ,COMPLEMENTO DE DESTINO,  ,3    ,1     ,20343,0,20343,20177.39
2015,04   ,340  ,12101  ,COMPLEMENTO ESPECÍFICO,  ,3    ,1     ,48557,0,48557,48616.22
2015,04   ,340  ,151    ,GRATIFICACIÓN SERVICIOS FUNCIONARIOS,  ,3    ,1     ,78,0,78,1007.18
2015,04   ,340  ,16000  ,CUOTAS SEGURIDAD SOCIAL,  ,3    ,1     ,35881,0,35881,33823.42
2015,04   ,340  ,22602  ,PUBLICIDAD-DIFUSIÓN,04,34   ,22    ,9295,0,9295,8768.98
2015,04   ,340  ,22706  ,ESTUDIOS Y TRABAJOS TÉCNICOS,04,34   ,22    ,900,0,900,0
2015,04   ,3411 ,12004  ,SUELDOS DEL GRUPO C2,  ,3    ,1     ,8379,0,8379,7951.38
2015,04   ,3411 ,12006  ,TRIENIOS,  ,3    ,1     ,2049,0,2049,1942.19
2015,04   ,3411 ,12100  ,COMPLEMENTO DE DESTINO,  ,3    ,1     ,3641,0,3641,3455.57
2015,04   ,3411 ,12101  ,COMPLEMENTO ESPECÍFICO,  ,3    ,1     ,8972,0,8972,9690.96
2015,04   ,3411 ,16000  ,CUOTAS SEGURIDAD SOCIAL,  ,3    ,1     ,5876,0,5876,5998.72
2015,04   ,3411 ,22199  ,FOMENTO ASOC.DEPORTIVA-MATERIAL-TROFEOS,04,34   ,22    ,12000,0,12000,18391.84
2015,04   ,3411 ,227991 ,PREST. SERVICIOS COMPETICIÓN JJEE FUTBOL-BALONCESTO,04,34   ,22    ,38300,0,38300,35483.72
2015,04   ,3411 ,227992 ,PREST SERVICIOS FORMACIÓN ENTIDADES,04,34   ,22    ,5000,0,5000,0
2015,04   ,3411 ,48901  ,TRANSF CORRIENTES ASOC. DEPORTIVA,04,34   ,48    ,84000,0,84000,78805
2015,04   ,3411 ,48902  ,CONVENIO CB PRAT PROMOCIÓN BALONCESTO,04,3411 ,48902 ,225000,0,225000,225000
2015,04   ,3411 ,48903  ,CONVENIO AE PRAT PROMOCIÓN FUTBOL,04,3411 ,48903 ,225000,0,225000,225000
2015,04   ,3411 ,48905  ,CONVENIO PRATENC AA,04,3411 ,48905 ,57000,0,57000,57000
2015,04   ,3411 ,48906  ,BECAS INDIVIDUALES DEPORTE ESCOLAR,04,34   ,48    ,25000,50000,75000,50000
2015,04   ,3412 ,13000  ,RETRIBUCIONES BÁSICAS PERSONAL LABORAL FIJO,  ,3    ,1     ,39641,0,39641,23339.65
2015,04   ,3412 ,16000  ,CUOTAS SEGURIDAD SOCIAL,  ,3    ,1     ,12245,0,12245,8320.15
2015,04   ,3412 ,224    ,SEGUROS,04,34   ,22    ,16500,0,16500,14790.53
2015,04   ,3412 ,226093 ,GASTOS NOCHE DEL DEPORTE,04,34   ,22    ,7500,0,7500,5255.63
2015,04   ,3412 ,226096 ,GASTOS FIESTA DE LA BICICLETA,04,34   ,22    ,12200,0,12200,9230.7
2015,04   ,3412 ,227991 ,GASTOS CARRERA POPULAR,04,34   ,22    ,14580,0,14580,17034.13
2015,04   ,3412 ,227992 ,DINAMIZACIÓN DEPORTIVA SANT COSME,04,34   ,22    ,32000,0,32000,32731.48
2015,04   ,3412 ,227993 ,CAMPAÑA NATACIÓN ESCOLAR CON EDUCACIÓN,04,34   ,22    ,13000,0,13000,10099.23
2015,04   ,342  ,212    ,MANTENIMIENTO OTRAS INSTALACIONES DEPORTIVAS,04,34   ,21    ,23746,0,23746,24211.66
2015,04   ,342  ,22101  ,CONSUMO AGUA DEPORTES,04,34   ,22    ,100698,0,100698,116270.86
2015,04   ,342  ,22104  ,VESTUARIO PERSONAL DEPORTES,04,34   ,22    ,12150,0,12150,6965.64
2015,04   ,342  ,22199  ,DEPORTES-SUBM. DIVERSOS MATERIAL,04,34   ,22    ,19500,0,19500,12542.71
2015,04   ,342  ,22699  ,GASTOS DIVERSOS DEPORTES,04,34   ,22    ,4860,0,4860,2324.4
2015,04   ,342  ,227991 ,CONTR PREST SERVICIOS DEPORTES,04,34   ,22    ,990000,-72000,918000,884044.3
2015,04   ,342  ,227992 ,GASTOS DIVERSOS ACTIVIDADES  VERANO,04,34   ,22    ,12150,0,12150,3297.8
2015,04   ,342  ,227993 ,CONTR PREST SERVICIOS CM VELA,04,34   ,22    ,6000,0,6000,3581.07
2015,04   ,342  ,48901  ,TRANSF CORRIENTES DEPORTE ESCOLAR,04,34   ,48    ,116000,0,116000,116000
2015,04   ,342  ,48904  ,"CONVENIO CP PRAT, GESTIÓN PISTA JARDINS RIB",04,342  ,48904 ,7600,0,7600,7600
2015,04   ,3421 ,12000  ,SUELDOS DEL GRUPO A1,  ,3    ,1     ,14677,0,14677,14677.32
2015,04   ,3421 ,12001  ,SUELDOS DEL GRUPO A2,  ,3    ,1     ,12907,0,12907,25813.04
2015,04   ,3421 ,12003  ,SUELDOS DEL GRUPO C1,  ,3    ,1     ,19770,0,19770,17502.01
2015,04   ,3421 ,12004  ,SUELDOS DEL GRUPO C2,  ,3    ,1     ,8379,0,8379,8378.58
2015,04   ,3421 ,12005  ,SUELDOS DEL GRUPO E,  ,3    ,1     ,36010,0,36010,42908.21
2015,04   ,3421 ,12006  ,TRIENIOS,  ,3    ,1     ,15899,0,15899,17048.07
2015,04   ,3421 ,120099 ,RETRIBUCIONES BÁSICAS SUPLENCIAS,  ,3    ,1     ,10110,0,10110,12602
2015,04   ,3421 ,12100  ,COMPLEMENTO DE DESTINO,  ,3    ,1     ,38283,0,38283,45212.43
2015,04   ,3421 ,12101  ,COMPLEMENTO ESPECÍFICO,  ,3    ,1     ,98063,0,98063,122010.35
2015,04   ,3421 ,121031 ,OTROS COMPLEMENTOS,  ,3    ,1     ,7486,0,7486,11699.65
2015,04   ,3421 ,121039 ,RETRIBUCIONES COMPLEMENTARIAS SUPLENCIAS,  ,3    ,1     ,17221,0,17221,21239.79
2015,04   ,3421 ,13000  ,RETRIBUCIONES BÁSICAS PERSONAL LABORAL FIJO,  ,3    ,1     ,142628,0,142628,150470.18
2015,04   ,3421 ,13001  ,HORAS EXTRAORDINARIAS PERSONAL LABORAL FIJO,  ,3    ,1     ,4758,0,4758,2718.14
2015,04   ,3421 ,13002  ,OTRAS REMUNERACIONES PERSONAL LABORAL FIJO,  ,3    ,1     ,16896,0,16896,14162.71
2015,04   ,3421 ,151    ,GRATIFICACIÓN SERVICIOS FUNCIONARIOS,  ,3    ,1     ,5324,0,5324,6976
2015,04   ,3421 ,16000  ,CUOTAS SEGURIDAD SOCIAL,  ,3    ,1     ,128754,0,128754,147272.29
2015,04   ,3421 ,212    ,CEMS CONSERVACIÓN Y REPARACIÓN,04,34   ,21    ,289800,0,289800,241308.67
2015,04   ,3421 ,22100  ,ELECTRICIDAD CEMS ,04,34   ,22    ,165616,0,165616,143011.14
2015,04   ,3421 ,22102  ,CONSUMO GAS CEMS,04,34   ,22    ,127911,0,127911,146752.92
2015,04   ,3421 ,22700  ,LIMPIEZA CEMS,04,34   ,22    ,594358,0,594358,594357.84
2015,04   ,3423 ,12001  ,SUELDOS DEL GRUPO A2,  ,3    ,1     ,25813,0,25813,12906.52
2015,04   ,3423 ,12005  ,SUELDOS DEL GRUPO E,  ,3    ,1     ,53750,0,53750,44535.82
2015,04   ,3423 ,12006  ,TRIENIOS,  ,3    ,1     ,6459,0,6459,5127.11
2015,04   ,3423 ,120099 ,RETRIBUCIONES BÁSICAS SUPLENCIAS,  ,3    ,1     ,7047,0,7047,6523.2
2015,04   ,3423 ,12100  ,COMPLEMENTO DE DESTINO,  ,3    ,1     ,30256,0,30256,21774.48
2015,04   ,3423 ,12101  ,COMPLEMENTO ESPECÍFICO,  ,3    ,1     ,84495,0,84495,63222.52
2015,01   ,491  ,4491   ,APORT. PRAT COMUNICACIÓ SL                        ,01,491  ,4491  ,591697,0,591697,550000
2015,01   ,912  ,10000  ,RETRIBUCIONES BÁSICAS ÓRGANOS DE GOBIERNO,  ,9    ,1     ,67650,0,67650,67573.28
2015,01   ,912  ,11000  ,RETRIBUCIONES BÁSICAS PERSONAL EVENTUAL,  ,9    ,1     ,26953,0,26953,22840.06
2015,01   ,912  ,11001  ,RETRIBUCIONES COMPLEMENTARIAS PERSONAL EVENTUAL,  ,9    ,1     ,34691,0,34691,40215.1
2015,01   ,912  ,12000  ,SUELDOS DEL GRUPO A1,  ,9    ,1     ,14677,0,14677,0
2015,01   ,912  ,12003  ,SUELDOS DEL GRUPO C1,  ,9    ,1     ,9885,0,9885,9884.84
2015,01   ,912  ,12004  ,SUELDOS DEL GRUPO C2,  ,9    ,1     ,25136,0,25136,25071.53
2015,01   ,912  ,12006  ,TRIENIOS,  ,9    ,1     ,9004,0,9004,8992.12
2015,01   ,912  ,12100  ,COMPLEMENTO DE DESTINO,  ,9    ,1     ,23983,0,23983,15794.1
2015,01   ,912  ,12101  ,COMPLEMENTO ESPECÍFICO,  ,9    ,1     ,76556,0,76556,57541.37
2015,01   ,912  ,13000  ,RETRIBUCIONES BÁSICAS PERSONAL LABORAL FIJO,  ,9    ,1     ,34614,0,34614,34284.16
2015,01   ,912  ,151    ,GRATIFICACIÓN SERVICIOS FUNCIONARIOS,  ,9    ,1     ,1100,0,1100,588.45
2015,01   ,912  ,16000  ,CUOTAS SEGURIDAD SOCIAL,  ,9    ,1     ,83084,0,83084,72795.67
2015,01   ,912  ,226011 ,ATENCIONES PROTOCOLARIAS,01,91   ,22    ,50000,0,50000,60021.44
2015,01   ,912  ,226012 ,ATENCIONES HERMANAMIENTOS,01,91   ,22    ,15000,0,15000,2655.68
2015,01   ,912  ,22699  ,GASTOS DIVERSOS ALCALDIA,01,91   ,22    ,11000,0,11000,50.97
2015,01   ,912  ,23000  ,ÓRGANOS DE GOBIERNO-DIETAS,01,91   ,23    ,1900,0,1900,388.15
2015,01   ,912  ,23100  ,ÓRGANOS DE GOBIERNO-LOCOMOCIÓN,01,91   ,23    ,7600,0,7600,3698.97
2015,01   ,912  ,489    ,TRANSF CORRIENTES ALCALDÍA,01,91   ,48    ,3000,0,3000,2000
2015,01   ,920  ,12000  ,SUELDOS DEL GRUPO A1,  ,9    ,1     ,29355,0,29355,29354.64
2015,01   ,920  ,12003  ,SUELDOS DEL GRUPO C1,  ,9    ,1     ,9885,0,9885,9884.84
2015,01   ,920  ,12004  ,SUELDOS DEL GRUPO C2,  ,9    ,1     ,16757,0,16757,16362.31
2015,01   ,920  ,12006  ,TRIENIOS,  ,9    ,1     ,15433,0,15433,15909.84
2015,01   ,920  ,12100  ,COMPLEMENTO DE DESTINO,  ,9    ,1     ,33276,0,33276,33126.13
2015,01   ,920  ,12101  ,COMPLEMENTO ESPECÍFICO,  ,9    ,1     ,115797,0,115797,115993.3
2015,01   ,920  ,151    ,GRATIFICACIÓN SERVICIOS FUNCIONARIOS,  ,9    ,1     ,271,0,271,1192.1
2015,01   ,920  ,16000  ,CUOTAS SEGURIDAD SOCIAL,  ,9    ,1     ,42587,0,42587,44228.09
2015,01   ,924  ,11000  ,RETRIBUCIONES BÁSICAS PERSONAL EVENTUAL,  ,9    ,1     ,20666,0,20666,17135.14
2015,01   ,924  ,11001  ,RETRIBUCIONES COMPLEMENTARIAS PERSONAL EVENTUAL,  ,9    ,1     ,30834,0,30834,35534.26
2015,01   ,924  ,12001  ,SUELDOS DEL GRUPO A2,  ,9    ,1     ,25813,0,25813,25710.29
2015,01   ,924  ,12003  ,SUELDOS DEL GRUPO C1,  ,9    ,1     ,9885,0,9885,9884.84
2015,01   ,924  ,12006  ,TRIENIOS,  ,9    ,1     ,2916,0,2916,2916.36
2015,01   ,924  ,12100  ,COMPLEMENTO DE DESTINO,  ,9    ,1     ,14695,0,14695,14655.49
2015,01   ,924  ,12101  ,COMPLEMENTO ESPECÍFICO,  ,9    ,1     ,30394,0,30394,30703.78
2015,01   ,924  ,13000  ,RETRIBUCIONES BÁSICAS PERSONAL LABORAL FIJO,  ,9    ,1     ,28937,0,28937,29104.45
2015,01   ,924  ,13001  ,HORAS EXTRAORDINARIAS PERSONAL LABORAL FIJO,  ,9    ,1     ,175,0,175,145.52
2015,01   ,924  ,151    ,GRATIFICACIÓN SERVICIOS FUNCIONARIOS,  ,9    ,1     ,425,0,425,857.99
2015,01   ,924  ,16000  ,CUOTAS SEGURIDAD SOCIAL,  ,9    ,1     ,47549,0,47549,49425.6
2015,01   ,924  ,226021 ,COMUNICACIÓN SOCIAL-DIFUSIÓN,01,92   ,22    ,140000,0,140000,201612.21
2015,01   ,924  ,226023 ,COMUNICACIÓN INSTITUCIONAL,01,92   ,22    ,170000,30000,200000,136646.3
2015,02   ,326  ,227998 ,ESCUELA MUNICIPAL DE MÚSICA,02,32   ,22    ,313200,0,313200,309283.21
2015,02   ,330  ,12000  ,SUELDOS DEL GRUPO A1,  ,3    ,1     ,14677,0,14677,14677.32
2015,02   ,330  ,12003  ,SUELDOS DEL GRUPO C1,  ,3    ,1     ,9885,0,9885,9884.84
2015,02   ,330  ,12004  ,SUELDOS DEL GRUPO C2,  ,3    ,1     ,8379,0,8379,8378.58
2015,02   ,330  ,12006  ,TRIENIOS,  ,3    ,1     ,11509,0,11509,11508.69
2015,02   ,330  ,12100  ,COMPLEMENTO DE DESTINO,  ,3    ,1     ,16701,0,16701,16700.88
2015,02   ,330  ,12101  ,COMPLEMENTO ESPECÍFICO,  ,3    ,1     ,39041,0,39041,39041.24
2015,02   ,330  ,151    ,GRATIFICACIÓN SERVICIOS FUNCIONARIOS,  ,3    ,1     ,527,0,527,448.38
2015,02   ,330  ,16000  ,CUOTAS SEGURIDAD SOCIAL,  ,3    ,1     ,26067,0,26067,26447.43
2015,02   ,330  ,226022 ,COMUNICACIÓN - OFERTA FORMATIVA,02,33   ,22    ,9000,0,9000,28587.01
2015,02   ,330  ,226991 ,GASTOS DIVERSOS ACTIVIDADES CULTURALES,02,33   ,22    ,10000,0,10000,16747.22
2015,02   ,330  ,227997 ,CONTR PREST SERVICIOS CÈNTRIC,02,33   ,22    ,180374,0,180374,174101.28
2015,02   ,330  ,467    ,CONSORCIO NORMALIZACIÓN LINGÜÍSTICA,02,330  ,467   ,90000,5221.78,95221.78,95221.78
2015,02   ,332  ,12004  ,SUELDOS DEL GRUPO C2,  ,3    ,1     ,8379,0,8379,8292.97
2015,02   ,332  ,12006  ,TRIENIOS,  ,3    ,1     ,250,0,250,247.7
2015,02   ,332  ,12100  ,COMPLEMENTO DE DESTINO,  ,3    ,1     ,3013,0,3013,2981.92
2015,02   ,332  ,12101  ,COMPLEMENTO ESPECÍFICO,  ,3    ,1     ,8100,0,8100,8218.47
2015,02   ,332  ,13000  ,RETRIBUCIONES BÁSICAS PERSONAL LABORAL FIJO,  ,3    ,1     ,115099,0,115099,115098.95
2015,02   ,332  ,13001  ,HORAS EXTRAORDINARIAS PERSONAL LABORAL FIJO,  ,3    ,1     ,697,0,697,386.54
2015,02   ,332  ,16000  ,CUOTAS SEGURIDAD SOCIAL,  ,3    ,1     ,42016,0,42016,43328.05
2015,02   ,3321 ,227991 ,BIBLIOTECA - FOMENTO DE LA LECTURA,02,33   ,22    ,30000,0,30000,24808.25
2015,02   ,333  ,12005  ,SUELDOS DEL GRUPO E ,  ,3    ,1     ,30714,0,30714,30571.6
2015,02   ,333  ,12006  ,TRIENIOS,  ,3    ,1     ,2846,0,2846,2824.7
2015,02   ,333  ,120099 ,RETRIBUCIONES BÁSICAS SUPLENCIAS,  ,3    ,1     ,1059,0,1059,291.12
2015,02   ,333  ,12100  ,COMPLEMENTO DE DESTINO,  ,3    ,1     ,11422,0,11422,11369.24
2015,02   ,333  ,12101  ,COMPLEMENTO ESPECÍFICO,  ,3    ,1     ,35569,0,35569,35954.45
2015,02   ,333  ,121039 ,RETRIBUCIONES COMPLEMENTARIAS SUPLENCIAS,  ,3    ,1     ,1612,0,1612,443.11
2015,02   ,333  ,151    ,GRATIFICACIÓN SERVICIOS FUNCIONARIOS,  ,3    ,1     ,347,0,347,415.57
2015,02   ,333  ,16000  ,CUOTAS SEGURIDAD SOCIAL,  ,3    ,1     ,22726,0,22726,23873.6
2015,02   ,333  ,212    ,CONSERV-REP EDIFICIOS-INSTAL CULTURA-JUVENTUD,02,33   ,21    ,342884,-15000,327884,302968.57
2015,02   ,333  ,22100  ,ELECTRICIDAD EDIFICIOS CULTURA-JUVENTUD,02,33   ,22    ,350000,0,350000,308810.27
2015,02   ,333  ,22101  ,CONSUMO AGUA EDIFICIOS CULTURA-JUVENTUD,02,33   ,22    ,13809,0,13809,43051.89
2015,02   ,333  ,22102  ,CONSUMO GAS EDIFICIOS CULTURA-JUVENTUD,02,33   ,22    ,67428,0,67428,55164.23
2015,02   ,333  ,22700  ,LIMPIEZA EDIFICIOS CULTURA Y JUVENTUD,02,33   ,22    ,527945,0,527945,532906.9
2015,02   ,333  ,227991 ,ARTES VISUALES,02,33   ,22    ,22000,0,22000,21014.49
2015,02   ,333  ,227992 ,CONTR PREST SERVICIOS LA CAPSA,02,33   ,22    ,349690,0,349690,349690
2015,02   ,333  ,227993 ,CONTR PREST SERVICIOS CC S JORDI-RIBERA BAIXA,02,33   ,22    ,323373,15000,338373,332122.48
2015,02   ,333  ,227994 ,CONTR PREST SERVICIOS CC JARDINS DE LA PAU,02,33   ,22    ,244779,0,244779,242795.85
2015,02   ,334  ,12001  ,SUELDOS DEL GRUPO A2,  ,3    ,1     ,103252,0,103252,80087.93
2015,02   ,334  ,12003  ,SUELDOS DEL GRUPO C1,  ,3    ,1     ,88964,0,88964,87332.29
2015,02   ,334  ,12004  ,SUELDOS DEL GRUPO C2,  ,3    ,1     ,8379,0,8379,7456.05
2015,02   ,334  ,12006  ,TRIENIOS,  ,3    ,1     ,24668,0,24668,21988.29
2015,02   ,334  ,120099 ,RETRIBUCIONES BÁSICAS SUPLENCIAS,  ,3    ,1     ,7075,0,7075,6795.42
2015,02   ,334  ,12100  ,COMPLEMENTO DE DESTINO,  ,3    ,1     ,84088,0,84088,73952.31
2015,02   ,334  ,12101  ,COMPLEMENTO ESPECÍFICO,  ,3    ,1     ,180980,0,180980,175253.3
2015,02   ,334  ,121039 ,RETRIBUCIONES COMPLEMENTARIAS SUPLENCIAS,  ,3    ,1     ,9522,0,9522,9363.6
2015,02   ,334  ,13000  ,RETRIBUCIONES BÁSICAS PERSONAL LABORAL FIJO,  ,3    ,1     ,95585,0,95585,123887.38
2015,02   ,334  ,151    ,GRATIFICACIÓN SERVICIOS FUNCIONARIOS,  ,3    ,1     ,10663,0,10663,10371.3
2015,02   ,334  ,16000  ,CUOTAS SEGURIDAD SOCIAL,  ,3    ,1     ,169701,0,169701,173478.78
2015,02   ,334  ,227991 ,ARTES ESCÉNICAS Y MÚSICA,02,33   ,22    ,180000,0,180000,186030.33
2015,02   ,334  ,227992 ,GASTOS DIVERSOS TEATRE MODERN,02,334  ,227992,6,31080.98,31086.98,20560.06
2015,02   ,334  ,227993 ,CONTR PREST SERVICIOS CINE CAPRI,02,33   ,22    ,18000,0,18000,14736.3
2015,02   ,334  ,48901  ,TRANSF CORRIENTES DINAMIZACIÓN MOV ASOCIATIVO,02,33   ,48    ,62300,0,62300,64386
2015,02   ,334  ,48902  ,TRANSF CORRIENTES AMICS DE L'ART DEL PRAT,02,334  ,48902 ,120000,0,120000,120000
2015,02   ,334  ,48903  ,TRANSF CORRIENTES ANIVERSARIOS ENTIDADES,02,33   ,48    ,4500,0,4500,1500
2015,02   ,334  ,48905  ,TRANSF CORRIENTE BANDA DE MÚSICA DE EL PRAT,02,334  ,48905 ,10000,0,10000,10000
2015,02   ,334  ,48906  ,TRANSF CORRIENTE UNIÓ FILHARMÒNICA,02,334  ,48906 ,12000,0,12000,12000
2015,02   ,334  ,48907  ,TRANSF CORRIENTE ASSOCIACIÓ MUSICAL DEL PRAT,02,334  ,48907 ,12000,0,12000,12000
2015,02   ,334  ,48908  ,TRANSF CORRIENTE LA XARXA,02,334  ,48908 ,5500,0,5500,5500
2015,02   ,334  ,48909  ,TRANSF CORRIENTE FEDERACIÓ EL NUS,02,334  ,48909 ,12000,-9000,3000,0
2015,02   ,334  ,48910  ,TRANSF CORRIENTES ASSOCIACIÓ GEGANTERA DEL PRAT,02,334  ,48910 ,4000,0,4000,4000
2015,02   ,334  ,48911  ,TRANSF CORRIENTES TEATRE KADDISH,02,334  ,48911 ,16000,0,16000,16000
2015,02   ,334  ,48912  ,TRANSF CORRIENTE COLLA DIABLES DEL PRAT,02,334  ,48912 ,6500,0,6500,6500
2015,02   ,334  ,48913  ,TRANSF CORRIENTE ASSOCIACIÓ GEGANTERA DELTA,02,334  ,48913 ,3000,4500,7500,7500
2015,02   ,334  ,48914  ,TRASNF CORRIENTES CENTRO EXTREMEÑO RUTA,02,334  ,48914 ,11000,0,11000,11000
2015,02   ,334  ,48915  ,TRANSF CORRIENTE FEDERACIÓN EXTREMEÑA,02,334  ,48915 ,5500,0,5500,5500
2015,02   ,334  ,48916  ,TRANSF CORRIENTE CENTRE D'ESTUDIS COMARC,02,334  ,48916 ,4500,0,4500,4500
2015,02   ,334  ,48917  ,TRANSF CORRIENTE CASA DE ANDALUCIA,02,334  ,48917 ,13800,0,13800,13800
2015,02   ,334  ,48918  ,TRANSF CORRIENTE CASA DE ARAGÓN,02,334  ,48918 ,11500,0,11500,11500
2015,02   ,334  ,48919  ,TRASNF CORRIENTE CASTELLERS DEL PRAT,02,334  ,48919 ,5000,0,5000,5000
2015,02   ,336  ,22609  ,CONSERVACIÓN Y RESTAURACIÓN DOCUMENTACIÓN,02,33   ,22    ,5670,0,5670,5670
2015,02   ,336  ,227991 ,ACTIVIDADES HISTORIA LOCAL,02,33   ,22    ,30000,0,30000,27561.22
2015,02   ,336  ,227992 ,CULTURA POPULAR,02,33   ,22    ,10000,0,10000,3583.5
2015,02   ,336  ,489    ,BECA INVESTIGACIÓN HISTÓRICA JAUME CODINA,02,336  ,489   ,3000,0,3000,3000
2015,02   ,338  ,226991 ,"CALENDARIO FESTIVO, GASTOS DIVERSOS",02,33   ,22    ,25000,114000,139000,88808.55
2015,02   ,338  ,22799  ,"CALENDARIO FESTIVO, CONTR PREST SERVICIOS",02,33   ,22    ,250000,0,250000,280270.49
2015,02   ,912  ,10000  ,RETRIBUCIONES BÁSICAS ÓRGANOS DE GOBIERNO,  ,9    ,1     ,52500,0,52500,53630.14
2015,02   ,912  ,16000  ,CUOTAS SEGURIDAD SOCIAL,  ,9    ,1     ,14085,0,14085,14554.6
2015,02   ,922  ,12004  ,SUELDOS DEL GRUPO C2,  ,9    ,1     ,8379,0,8379,13478.48
2015,02   ,922  ,12006  ,TRIENIOS,  ,9    ,1     ,501,0,501,268.8
2015,02   ,922  ,12100  ,COMPLEMENTO DE DESTINO,  ,9    ,1     ,3641,0,3641,5144.19
2015,02   ,922  ,12101  ,COMPLEMENTO ESPECÍFICO,  ,9    ,1     ,9701,0,9701,14885.14
2015,02   ,922  ,16000  ,CUOTAS SEGURIDAD SOCIAL,  ,9    ,1     ,5600,0,5600,10812.94
2015,03   ,17210,48907  ,TRANSF CORRIENTES ESCUELAS PROG AHORRO ENERGÉTICO,03,17   ,48    ,20000,0,20000,19745.35
2015,03   ,320  ,12001  ,SUELDOS DEL GRUPO A2,  ,3    ,1     ,77439,0,77439,72394.7
2015,03   ,320  ,12003  ,SUELDOS DEL GRUPO C1,  ,3    ,1     ,9885,0,9885,9884.84
2015,03   ,320  ,12004  ,SUELDOS DEL GRUPO C2,  ,3    ,1     ,16757,0,16757,19140.4
2015,03   ,320  ,12006  ,TRIENIOS,  ,3    ,1     ,30316,0,30316,28183.02
2015,03   ,320  ,12100  ,COMPLEMENTO DE DESTINO,  ,3    ,1     ,44715,0,44715,43161.78
2015,03   ,320  ,12101  ,COMPLEMENTO ESPECÍFICO,  ,3    ,1     ,100992,0,100992,113940.02
2015,03   ,320  ,13000  ,RETRIBUCIONES BÁSICAS PERSONAL LABORAL FIJO,  ,3    ,1     ,30857,0,30857,30845.96
2015,03   ,320  ,151    ,GRATIFICACIÓN SERVICIOS FUNCIONARIOS,  ,3    ,1     ,1829,0,1829,2148.14
2015,03   ,320  ,16000  ,CUOTAS SEGURIDAD SOCIAL,  ,3    ,1     ,94314,0,94314,96930.2
2015,03   ,320  ,22199  ,SUMINISTROS DIVERSOS,03,32   ,22    ,2000,0,2000,1346.81
2015,03   ,320  ,22602  ,PUBLICIDAD DIFUSIÓN DIRECCIÓN PROM ESCOL,03,32   ,22    ,8748,0,8748,12437.65
2015,03   ,320  ,22699  ,GASTOS DIVERSOS,03,32   ,22    ,5000,0,5000,1276.67
2015,03   ,3201 ,12001  ,SUELDOS DEL GRUPO A2,  ,3    ,1     ,6453,0,6453,6804.86
2015,03   ,3201 ,12006  ,TRIENIOS,  ,3    ,1     ,1404,0,1404,1480.29
2015,03   ,3201 ,12100  ,COMPLEMENTO DE DESTINO,  ,3    ,1     ,2450,0,2450,2625.43
2015,03   ,3201 ,12101  ,COMPLEMENTO ESPECÍFICO,  ,3    ,1     ,3773,0,3773,4044.5
2015,03   ,3201 ,16000  ,CUOTAS SEGURIDAD SOCIAL,  ,3    ,1     ,4492,0,4492,4615.98
2015,03   ,323  ,226991 ,GASTOS DIVERSOS MEJORA ENSEÑANZA PÚBLICA,03,32   ,22    ,11746,0,11746,3840.36
2015,03   ,323  ,227991 ,PREST SERV PROYECTOS SOCIOEDUCATIVOS,03,32   ,22    ,190000,0,190000,198866.51
2015,03   ,323  ,227992 ,PREST SERVICIOS ESCUELAS BARRIO SANT COSME,03,32   ,22    ,29280,0,29280,34648
2015,03   ,3231 ,12001  ,SUELDOS DEL GRUPO A2,  ,3    ,1     ,12907,0,12907,12782.78
2015,03   ,3231 ,12003  ,SUELDOS DEL GRUPO C1,  ,3    ,1     ,49424,0,49424,47200.66
2015,03   ,3231 ,12005  ,SUELDOS DEL GRUPO E,  ,3    ,1     ,15357,0,15357,15357.16
2015,03   ,3231 ,12006  ,TRIENIOS,  ,3    ,1     ,20940,0,20940,19355.54
2015,03   ,3231 ,120099 ,RETRIBUCIONES BÁSICAS SUPLENCIAS,  ,3    ,1     ,2219,0,2219,3630.36
2015,03   ,3231 ,12100  ,COMPLEMENTO DE DESTINO,  ,3    ,1     ,32274,0,32274,31285.12
2015,03   ,3231 ,12101  ,COMPLEMENTO ESPECÍFICO,  ,3    ,1     ,75318,0,75318,82281.19
2015,03   ,3231 ,121039 ,RETRIBUCIONES COMPLEMENTARIAS SUPLENCIAS,  ,3    ,1     ,1503,0,1503,4911.53
2015,03   ,3231 ,13000  ,RETRIBUCIONES BÁSICAS PERSONAL LABORAL FIJO,  ,3    ,1     ,77373,0,77373,86776.35
2015,03   ,3231 ,16000  ,CUOTAS SEGURIDAD SOCIAL,  ,3    ,1     ,86091,0,86091,78652.84
2015,03   ,3231 ,212    ,GUARDERÍA-CONSERV. Y REPARACIÓN,03,32   ,21    ,23835,0,23835,36216.31
2015,03   ,3231 ,221001 ,ELECTRICIDAD GUARDERÍAS,03,32   ,22    ,5556,0,5556,4805.43
2015,03   ,3231 ,221011 ,CONSUMO AGUA GUARDERÍA ,03,32   ,22    ,1399,0,1399,45463.17
2015,03   ,3231 ,221021 ,SUMINISTRO GAS-GUARDERÍA,03,32   ,22    ,12156,0,12156,3229.66
2015,03   ,3231 ,221041 ,VESTUARIO GUARDERÍA,03,32   ,22    ,2500,0,2500,2011.92
2015,03   ,3231 ,22105  ,ALIMENTOS-GUARDERÍA,03,32   ,22    ,25000,0,25000,22730.99
2015,03   ,3231 ,22199  ,SUMINISTROS DIVERSOS-GUARDERÍA,03,32   ,22    ,10661,0,10661,6400.93
2015,03   ,3231 ,226992 ,GASTOS DIVERSOS-GUARDERÍA,03,32   ,22    ,6000,0,6000,2349.34
2015,03   ,3231 ,227001 ,LIMPIEZA GUARDERÍA,03,32   ,22    ,72223,0,72223,72222.96
2015,03   ,3231 ,227992 ,CONTR PREST SERVICIOS AUX GUARDERÍA,03,32   ,22    ,95543,0,95543,96346.42
2015,03   ,3231 ,227994 ,CONTR PREST SERVICIOS GUARDERÍA EL CABUSSET,03,32   ,22    ,263000,-7000,256000,255830.88
2015,03   ,3231 ,227995 ,CONTR PREST SERVICIOS GUARDERÍA LA GRANOTA,03,32   ,22    ,249000,-6200,242800,242544
2015,03   ,3231 ,227996 ,CONTR PREST SERV GUARDERÍA LA BLAVETA,03,32   ,22    ,319000,-8000,311000,310261.68
2015,03   ,3231 ,489    ,TRANSF CORRIENTES GUARDERÍAS,03,32   ,48    ,120000,0,120000,106229
2015,03   ,3232 ,12005  ,SUELDOS DEL GRUPO E ,  ,3    ,1     ,30714,0,30714,30417.45
2015,03   ,3232 ,12006  ,TRIENIOS,  ,3    ,1     ,2927,0,2927,2616.91
2015,03   ,3232 ,120099 ,RETRIBUCIONES BÁSICAS SUPLENCIAS,  ,3    ,1     ,2704,0,2704,3741.98
2015,03   ,3232 ,12100  ,COMPLEMENTO DE DESTINO,  ,3    ,1     ,11422,0,11422,11311.96
2015,03   ,3232 ,12101  ,COMPLEMENTO ESPECÍFICO,  ,3    ,1     ,34369,0,34369,39613.92
2015,03   ,3232 ,121039 ,RETRIBUCIONES COMPLEMENTARIAS SUPLENCIAS,  ,3    ,1     ,3998,0,3998,5644.35
2015,03   ,3232 ,13000  ,RETRIBUCIONES BÁSICAS PERSONAL LABORAL FIJO,  ,3    ,1     ,242114,0,242114,244048.13
2015,10   ,241  ,22699  ,GASTOS DIVERSOS PROMOCIÓN ECONÓMICA,10,24   ,22    ,1800,0,1800,574.45
2015,10   ,241  ,22700  ,LIMPIEZA CPE,10,24   ,22    ,113637,0,113637,113637.24
2015,10   ,241  ,489    ,"TRANSF CORRIENTES, CUOTAS DIVERSAS",10,24   ,48    ,21000,0,21000,16729.53
2015,10   ,2411 ,12001  ,SUELDOS DEL GRUPO A2,10,2411 ,12001 ,144123,10000,154123,143411.54
2015,10   ,2411 ,12006  ,TRIENIOS,10,2411 ,12006 ,18250,0,18250,18250
2015,10   ,2411 ,12100  ,COMPLEMENTO DE DESTINO,10,2411 ,12100 ,55334,5000,60334,55048.02
2015,10   ,2411 ,12101  ,COMPLEMENTO ESPECÍFICO,10,2411 ,12101 ,87713,5000,92713,91119.82
2015,10   ,2411 ,16000  ,CUOTAS SEGURIDAD SOCIAL,10,2411 ,16000 ,96758,4019.05,100777.05,100777.05
2015,10   ,2411 ,206    ,ALQUILER EQUIPOS PROCESO INFORMACIÓN,10,2411 ,206   ,8800,0,8800,5879.58
2015,10   ,2411 ,22199  ,SUMINISTROS DIVERSOS-FORMACIÓN Y OCUPACIÓN,10,2411 ,22199 ,52635,46800,99435,54530.48
2015,10   ,2411 ,224    ,SEGUROS,10,2411 ,224   ,4100,0,4100,0
2015,10   ,2411 ,22699  ,GASTOS VARIOS-FORMACIÓN Y OCUPACIÓN,10,2411 ,22699 ,3600,0,3600,2020.76
2015,10   ,2411 ,226991 ,PLAN EXTRAORDINARIO LUCHA CONTA LA CRI,10,2411 ,226991,1100000,-1100000,0,0
2015,10   ,2411 ,22799  ,CONTR PREST SERVICIOS-FORMACIÓN Y OCUPACIÓN,10,2411 ,22799 ,94750,161470.93,256220.93,203598.56
2015,10   ,2411 ,48910  ,SUBVENCIÓN FUNDACIÓ INFORM,10,2411 ,48910 ,3500,0,3500,3500
2015,10   ,2412 ,1430   ,PLANES OCUPACIÓN ,10,2412 ,1430  ,18000,1378554.42,1396554.42,1396554.42
2015,10   ,2412 ,1431   ,RETRIBUCIONES OTRO PERSONAL,10,2412 ,1431  ,114386,100000,214386,162350.42
2015,10   ,2412 ,16000  ,CUOTAS SEGURIDAD SOCIAL,10,2412 ,16000 ,47122,1671.02,48793.02,48793.02
2015,10   ,2412 ,22199  ,SUMINISTROS DIVERSOS,10,2412 ,22199 ,10607,0,10607,3406.35
2015,10   ,2412 ,22602  ,PUBLICIDAD Y DIFUSIÓN,10,2412 ,22602 ,8262,0,8262,8180.81
2015,10   ,2412 ,22699  ,GASTOS VARIAS ACTIVIDADES ECONÓMICAS,10,2412 ,22699 ,5243,0,5243,2426.22
2015,10   ,2412 ,22706  ,DOTACIÓN PREMIOS PLANES DE EMPRESA,10,2412 ,22706 ,13500,0,13500,13500
2015,10   ,2412 ,22799  ,CONTR PREST SERVICIOS-ACTIV. ECONÓMICA,10,2412 ,22799 ,60000,23784.93,83784.93,67621.86
2015,10   ,2412 ,489    ,"TRANSF CORRIENTES, ACT ECONÓMICA Y EMPRENDEDORES",10,2412 ,489   ,13500,994000,1007500,785412.95
2015,10   ,419  ,489    ,APORT. CONSEJO REGULADOR IGP RAZA PRAT,10,419  ,489   ,6000,0,6000,6000
2015,10   ,430  ,22602  ,PUBLICIDAD Y DIFUSIÓN,10,43   ,22    ,4437,0,4437,10362.53
2015,12   ,132  ,481    ,FORMACIÓN Y BECAS,12,13   ,48    ,10000,0,10000,9532.5
2015,12   ,132  ,629    ,MATERIAL INVENTARIABLE POLICIA LOCAL,12,132  ,629   ,39770,50000,89770,8710.17
2015,12   ,1321 ,12000  ,SUELDOS DEL GRUPO A1,  ,1    ,1     ,14677,0,14677,14677.32
2015,12   ,1321 ,12001  ,SUELDOS DEL GRUPO A2,  ,1    ,1     ,12907,0,12907,10325.16
2015,12   ,1321 ,12004  ,SUELDOS DEL GRUPO C2,  ,1    ,1     ,58650,0,58650,52214.71
2015,12   ,1321 ,12006  ,TRIENIOS,  ,1    ,1     ,8492,0,8492,7081.27
2015,12   ,1321 ,12100  ,COMPLEMENTO DE DESTINO,  ,1    ,1     ,36347,0,36347,32857.77
2015,12   ,1321 ,12101  ,COMPLEMENTO ESPECÍFICO,  ,1    ,1     ,90381,0,90381,83781.79
2015,12   ,1321 ,16000  ,CUOTAS SEGURIDAD SOCIAL,  ,1    ,1     ,60668,0,60668,56992.04
2015,12   ,135  ,12001  ,SUELDOS DEL GRUPO A2,  ,1    ,1     ,25813,0,25813,19687.94
2015,12   ,135  ,12006  ,TRIENIOS,  ,1    ,1     ,10114,0,10114,7718.22
2015,12   ,135  ,12100  ,COMPLEMENTO DE DESTINO,  ,1    ,1     ,14317,0,14317,10593.51
2015,12   ,135  ,12101  ,COMPLEMENTO ESPECÍFICO,  ,1    ,1     ,33631,0,33631,45544.5
2015,12   ,135  ,16000  ,CUOTAS SEGURIDAD SOCIAL,  ,1    ,1     ,20128,0,20128,4393.24
2015,12   ,135  ,22199  ,MATERIAL DIVERSO-PROTECCIÓN CIVIL,12,13   ,22    ,4000,0,4000,3012.76
2015,12   ,135  ,22602  ,PUBLICIDAD Y DIFUSIÓN-PROTECCIÓN CIVIL,12,13   ,22    ,1000,0,1000,953.3
2015,12   ,135  ,22706  ,ESTUDIOS Y TRABAJOS TÉCNICOS PROTECCIÓN CIVIL,12,13   ,22    ,7000,0,7000,6897
2015,14   ,231  ,12000  ,SUELDOS DEL GRUPO A1,  ,2    ,1     ,14677,0,14677,22128.17
2015,14   ,231  ,12001  ,SUELDOS DEL GRUPO A2,  ,2    ,1     ,51626,0,51626,55284.72
2015,14   ,231  ,12003  ,SUELDOS DEL GRUPO C1,  ,2    ,1     ,9885,0,9885,9884.84
2015,14   ,231  ,12004  ,SUELDOS DEL GRUPO C2,  ,2    ,1     ,10039,0,10039,21197.05
2015,14   ,231  ,12006  ,TRIENIOS,  ,2    ,1     ,10686,0,10686,12943.89
2015,14   ,231  ,120099 ,RETRIBUCIONES BÁSICAS SUPLENCIAS,  ,2    ,1     ,142,0,142,0
2015,14   ,2312 ,120099 ,RETRIBUCIONES BÁSICAS SUPLENCIAS,  ,2    ,1     ,15877,0,15877,21791.49
2015,14   ,2312 ,12100  ,COMPLEMENTO DE DESTINO,  ,2    ,1     ,13438,0,13438,6728.82
2015,14   ,2312 ,12101  ,COMPLEMENTO ESPECÍFICO,  ,2    ,1     ,30953,0,30953,50335.04
2015,14   ,2312 ,121031 ,OTROS COMPLEMENTOS,  ,2    ,1     ,2804,0,2804,4913.52
2015,14   ,2312 ,121039 ,RETRIBUCIONES COMPLEMENTARIAS SUPLENCIAS,  ,2    ,1     ,24670,0,24670,31384.65
2015,14   ,2312 ,13000  ,RETRIBUCIONES BÁSICAS PERSONAL LABORAL FIJO,  ,2    ,1     ,308647,0,308647,301329.37
2015,14   ,2312 ,13001  ,HORAS EXTRAORDINARIAS PERSONAL LABORAL FIJO,  ,2    ,1     ,625,0,625,1196.24
2015,14   ,2312 ,13002  ,OTRAS REMUNERACIONES PERSONAL LABORAL FIJO,  ,2    ,1     ,22426,0,22426,22996.72
2015,14   ,2312 ,131    ,RETRIBUCIONES PERSONAL LABORAL TEMPORAL,  ,2    ,1     ,22226,0,22226,21843.01
2015,14   ,2312 ,13199  ,RETRIBUCIONES PERSONAL LABORAL TEMPORAL-SUPLENCIAS,  ,2    ,1     ,45266,0,45266,5506.12
2015,14   ,2312 ,151    ,GRATIFICACIÓN SERVICIOS FUNCIONARIOS,  ,2    ,1     ,1188,0,1188,1112.51
2015,14   ,2312 ,16000  ,CUOTAS SEGURIDAD SOCIAL,  ,2    ,1     ,133214,0,133214,178887.27
2015,14   ,2312 ,22104  ,VESTUARIO RESIDENCIA DE ANCIANOS,14,23   ,22    ,3150,0,3150,2113.66
2015,14   ,2312 ,22105  ,ALIMENTOS RESIDENCIA DE ANCIANOS,14,23   ,22    ,68000,0,68000,55072.34
2015,14   ,2312 ,22199  ,MATERIAL TÉCNICO RESIDENCIA DE ANCIANOS,14,23   ,22    ,10000,0,10000,12022.41
2015,14   ,2312 ,226992 ,GASTOS DIVERSOS RESIDENCIA DE ANCIANOS,14,23   ,22    ,5400,0,5400,3571.4
2015,14   ,2313 ,227992 ,PRESTACIÓN SERVICIOS INFANCIA-ADOLESCENCIA,14,23   ,22    ,228600,0,228600,218455.01
2015,14   ,326  ,48901  ,TRANSF CORRIENTES BECAS COMEDOR ESCOLAR,14,32   ,48    ,210000,0,210000,148280.63
2015,14   ,326  ,48902  ,TRANSF CORRIENTES GUARDERÍAS,14,32   ,48    ,140000,0,140000,90135.3
2015,14   ,326  ,48903  ,TRANSF ACTIVIDADES OCIO SOCIOEDUCATIVO,14,32   ,48    ,70000,74000,144000,92669.05
2015,14   ,912  ,10000  ,RETRIBUCIONES BÁSICAS ÓRGANOS DE GOBIERNO,  ,9    ,1     ,55400,0,55400,56592.67
2015,14   ,912  ,16000  ,CUOTAS SEGURIDAD SOCIAL,  ,9    ,1     ,14085,0,14085,14554.6
2015,14   ,922  ,11000  ,RETRIBUCIONES BÁSICAS PERSONAL EVENTUAL,  ,9    ,1     ,27517,0,27517,23376.3
2015,14   ,922  ,11001  ,RETRIBUCIONES COMPLEMENTARIAS PERSONAL EVENTUAL,  ,9    ,1     ,34691,0,34691,44261.77
2015,14   ,922  ,16000  ,CUOTAS SEGURIDAD SOCIAL,  ,9    ,1     ,10905,0,10905,11408.75
2015,16   ,150  ,11000  ,RETRIBUCIONES BÁSICAS PERSONAL EVENTUAL,  ,1    ,1     ,26431,0,26431,12683.71
2015,16   ,150  ,11001  ,RETRIBUCIONES COMPLEMENTARIAS PERSONAL EVENTUAL,  ,1    ,1     ,41720,0,41720,23658.29
2015,16   ,150  ,12000  ,SUELDOS DEL GRUPO A1,  ,1    ,1     ,88064,0,88064,94180.24
2015,16   ,150  ,12001  ,SUELDOS DEL GRUPO A2,  ,1    ,1     ,77439,0,77439,76311.01
2015,16   ,150  ,12003  ,SUELDOS DEL GRUPO C1,  ,1    ,1     ,9885,0,9885,9884.84
2015,16   ,150  ,12004  ,SUELDOS DEL GRUPO C2,  ,1    ,1     ,8611,0,8611,8489.06
2015,16   ,150  ,12006  ,TRIENIOS,  ,1    ,1     ,33895,0,33895,35293.37
2015,16   ,150  ,12100  ,COMPLEMENTO DE DESTINO,  ,1    ,1     ,91495,0,91495,94056.4
2015,16   ,150  ,12101  ,COMPLEMENTO ESPECÍFICO,  ,1    ,1     ,251834,0,251834,268137.21
2015,16   ,150  ,13000  ,RETRIBUCIONES BÁSICAS PERSONAL LABORAL FIJO,  ,1    ,1     ,26659,0,26659,26893.52
2015,16   ,150  ,16000  ,CUOTAS SEGURIDAD SOCIAL,  ,1    ,1     ,173004,0,173004,177176.01
2015,16   ,150  ,22699  ,GASTOS DIVERSOS,16,15   ,22    ,9000,0,9000,3044.65
2015,16   ,150  ,640    ,"REDACCIÓN PROYECTOS, ESTUDIOS, DIRECCIONES OBRAS",16,150  ,640   ,500000,180269.33,680269.33,319988.84
2015,16   ,151  ,622    ,INVERSIÓN NUEVA EQUIPAMIENTOS Y SERVICIOS,16,151  ,622   ,100000,278497.95,378497.95,335345.38
2015,16   ,151  ,632    ,INVERSIÓN MEJORA EQUIPAMIENTOS Y SERVICIOS,16,151  ,632   ,1000000,778853.66,1778853.66,1532823.74
2015,16   ,151  ,639    ,INVERSIÓN MEJORA INSTALACIONES,16,151  ,639   ,100000,180329.94,280329.94,228203.86
2015,16   ,15310,609    ,INV NUEVA INFRAESTRUCTURA Y BIENES USO GRAL,16,153  ,609   ,900000,2276774.48,3176774.48,242685.01
2015,16   ,15310,619    ,INV MEJORA INFRAESTRUCTURA Y BIENES USO GRAL,16,153  ,619   ,1000000,766188.95,1766188.95,1382916.15
2015,16   ,912  ,10000  ,RETRIBUCIONES BÁSICAS ÓRGANOS DE GOBIERNO,  ,9    ,1     ,55400,0,55400,30854.93
2015,16   ,912  ,16000  ,CUOTAS SEGURIDAD SOCIAL,  ,9    ,1     ,14085,0,14085,7512.04
2015,16   ,920  ,609    ,INV NUEVA EN INSTALACIONES,16,920  ,609   ,100000,62953.94,162953.94,106874.11
2015,17   ,326  ,22799  ,PREST SERVICIOS AULAS DE ESTUDIO,17,32   ,22    ,35000,-2500,32500,21992.78
2015,17   ,334  ,13000  ,RETRIBUCIONES BÁSICAS PERSONAL LABORAL FIJO,  ,3    ,1     ,60778,0,60778,70894.03
2015,17   ,334  ,16000  ,CUOTAS SEGURIDAD SOCIAL,  ,3    ,1     ,18896,0,18896,21232.79
2015,17   ,334  ,226022 ,GASTOS DIVERSOS ACTIVIDADES DE VERANO,17,33   ,22    ,4000,0,4000,2894.32
2015,17   ,334  ,2260221,GASTOS DIVERSOS ACTIVIDADES JUVENILES,17,33   ,22    ,5000,0,5000,5070.16
2015,17   ,334  ,22799  ,PLAN JOVEN,17,33   ,22    ,202268,0,202268,202273.23
2015,17   ,334  ,48905  ,TRANSF CORRIENTES AGRUPACIÓ CONXITA BUSQUETS,17,334  ,48905 ,9200,0,9200,9200
2015,17   ,334  ,48906  ,TRANSF CORRIENTES CE EL GLOBUS,17,334  ,48906 ,22000,0,22000,22000
2015,17   ,334  ,48907  ,TRANSF CORRIENTES GRUP INFANTIL SANT COSME,17,334  ,48907 ,22000,0,22000,22000
2015,17   ,334  ,48908  ,TRANSF CORRIENTES AE ANTON VILA,17,334  ,48908 ,2100,0,2100,2100
2015,17   ,334  ,48909  ,TRANSF CORRIENTES DISPRAT LLEURE,17,334  ,48909 ,7000,0,7000,7000
2015,17   ,334  ,48910  ,TRANSF CORRIENTES SANT PERE I SANT PAU,17,334  ,48910 ,2000,0,2000,2000
2015,17   ,334  ,48911  ,TRANSF CORRIENTES IMAGINARIUM,17,334  ,48911 ,700,0,700,700
2015,17   ,334  ,48912  ,TRANSF CORRIENTES SUBVENCIONES PROYECTOS JUVENILES,17,33   ,48    ,3000,0,3000,2999
2015,17   ,334  ,48913  ,BECAS JÓVENES ESTUDIANTES FORMACIÓN GRADO SUPERIOR,17,33   ,48    ,10000,2500,12500,12292
2015,17   ,334  ,780    ,TRANSF CAPITAL CE EL GLOBUS,17,334  ,780   ,30000,0,30000,30000
2015,17   ,912  ,10000  ,RETRIBUCIONES BÁSICAS ÓRGANOS DE GOBIERNO,  ,9    ,1     ,32800,0,32800,34992.74
2015,17   ,912  ,16000  ,CUOTAS SEGURIDAD SOCIAL,  ,9    ,1     ,10676,0,10676,11425.98
2015,18   ,2314 ,11000  ,RETRIBUCIONES BÁSICAS PERSONAL EVENTUAL,  ,2    ,1     ,20666,0,20666,14033.86
2015,18   ,2314 ,11001  ,RETRIBUCIONES COMPLEMENTARIAS PERSONAL EVENTUAL,  ,2    ,1     ,30834,0,30834,27750.02
2015,18   ,2314 ,12001  ,SUELDOS DEL GRUPO A2,  ,2    ,1     ,25813,0,25813,22643.19
2015,18   ,2314 ,12003  ,SUELDOS DEL GRUPO C1,  ,2    ,1     ,9885,0,9885,9861.61
2015,18   ,2314 ,12004  ,SUELDOS DEL GRUPO C2,  ,2    ,1     ,8379,0,8379,8378.58
2015,18   ,2314 ,12006  ,TRIENIOS,  ,2    ,1     ,6815,0,6815,6690.94
2015,18   ,2314 ,12100  ,COMPLEMENTO DE DESTINO,  ,2    ,1     ,18022,0,18022,16727.78
2015,18   ,2314 ,12101  ,COMPLEMENTO ESPECÍFICO,  ,2    ,1     ,40121,0,40121,39215.42
2015,18   ,2314 ,151    ,GRATIFICACIÓN SERVICIOS FUNCIONARIOS,  ,2    ,1     ,272,0,272,181.09
2015,18   ,2314 ,16000  ,CUOTAS SEGURIDAD SOCIAL,  ,2    ,1     ,46921,0,46921,43169.81
2015,18   ,2314 ,22602  ,PUBLICIDAD Y DIFUSIÓN ,18,23   ,22    ,5000,0,5000,2599.08
2015,18   ,2314 ,22699  ,GASTOS DIVERSOS PLAN ACTUACIÓN SANT COSME,18,23   ,22    ,10000,0,10000,8665.25
2015,18   ,2314 ,227991 ,PREST SERVICIOS PLAN ACTUACIÓN SANT COSME,18,23   ,22    ,160000,0,160000,161908.44
2015,18   ,2314 ,48901  ,TRANSF CORRIENTE AV SANT COSME (VAMOS HACIENDO BARRIO),18,2314 ,48901 ,20000,0,20000,20000
2015,18   ,2315 ,12001  ,SUELDOS DEL GRUPO A2,  ,2    ,1     ,30639,0,30639,19639.77
2015,18   ,2315 ,12006  ,TRIENIOS,  ,2    ,1     ,5776,0,5776,6170.93
2015,18   ,2315 ,12100  ,COMPLEMENTO DE DESTINO,  ,2    ,1     ,16001,0,16001,10433.36
2015,18   ,2315 ,12101  ,COMPLEMENTO ESPECÍFICO,  ,2    ,1     ,39385,0,39385,36410.74
2015,18   ,2315 ,13000  ,RETRIBUCIONES BÁSICAS PERSONAL LABORAL FIJO,  ,2    ,1     ,64545,0,64545,64544.76
2015,18   ,2315 ,13001  ,HORAS EXTRAORDINARIAS PERSONAL LABORAL FIJO,  ,2    ,1     ,339,0,339,240.72
2015,18   ,2315 ,16000  ,CUOTAS SEGURIDAD SOCIAL,  ,2    ,1     ,44253,0,44253,41480.49
2015,18   ,2315 ,226993 ,GASTOS DIVERSOS ACTIVIDADES INMIGRACIÓN,18,23   ,22    ,3740,0,3740,516.32
2015,18   ,2315 ,227993 ,CONTR PREST SERVICIOS INMIGRACIÓN,18,23   ,22    ,36000,0,36000,24532.48
2015,18   ,922  ,22199  ,SUMINISTROS DIVERSOS,18,92   ,22    ,6,0,6,5353.07
2015,18   ,922  ,22699  ,GASTOS DIVERSOS DIRECCIÓN DE ÁREA,18,92   ,22    ,2331,0,2331,165.01
2015,18   ,922  ,22799  ,"MUESTRA DE ENTIDADES, FORMACIÓN ENTIDADES, ETC",18,92   ,22    ,25000,0,25000,24603.3
2015,18   ,924  ,12001  ,SUELDOS DEL GRUPO A2,  ,9    ,1     ,12907,0,12907,1398.76
2015,18   ,924  ,12006  ,TRIENIOS,  ,9    ,1     ,468,0,468,50.7
2015,18   ,924  ,12100  ,COMPLEMENTO DE DESTINO,  ,9    ,1     ,5213,0,5213,744.66
2015,18   ,924  ,12101  ,COMPLEMENTO ESPECÍFICO,  ,9    ,1     ,10648,0,10648,1521.08
2015,18   ,924  ,13000  ,RETRIBUCIONES BÁSICAS PERSONAL LABORAL FIJO,  ,9    ,1     ,29703,0,29703,55222.02
2015,18   ,924  ,13001  ,HORAS EXTRAORDINARIAS PERSONAL LABORAL FIJO,  ,9    ,1     ,381,0,381,161.68
2015,18   ,924  ,16000  ,CUOTAS SEGURIDAD SOCIAL,  ,9    ,1     ,18587,0,18587,19206.68
2015,18   ,9241 ,22699  ,GASTOS DIVERSOS PARTICIPACIÓN CIUDADANA,18,92   ,22    ,3117,0,3117,1546.21
2015,18   ,9241 ,22706  ,ESTUDIOS Y TRABAJOS TÉCNICOS PARTICIPACIÓN,18,92   ,22    ,2000,0,2000,0
2015,18   ,9241 ,22799  ,CONTR PREST SERVICIOS PARTICIPACIÓN CIUDADANA,18,92   ,22    ,44000,0,44000,40826
2015,18   ,9242 ,22100  ,ELECTRICIDAD HUERTOS CIUDADANOS,18,92   ,22    ,2000,0,2000,0
2015,18   ,9242 ,22102  ,CONSUMO AGUA HUERTOS CIUDADANOS,18,92   ,22    ,7500,0,7500,0
2015,18   ,9242 ,22699  ,GASTOS DIVERSOS CIVISMO Y CONSEJOS,18,92   ,22    ,1732,0,1732,102.25
2015,18   ,9242 ,226991 ,GASTOS DIVERSOS VOLUNTARIADO,18,92   ,22    ,9000,0,9000,317.63
2015,18   ,9242 ,22799  ,CONTR PREST SERVICIOS CIVISMO Y CONVIVENCIA,18,92   ,22    ,72800,17640,90440,89131.91
2015,18   ,9242 ,227991 ,GESTIÓN HUERTOS CIUDADANOS,18,92   ,22    ,20000,16200,36200,34595.73
2015,18   ,9242 ,48901  ,TRANSF CORRIENTES PROMOCIÓN CÍVICA,18,92   ,48    ,15795,0,15795,15795
2015,07   ,419  ,621    ,ADQUISICIÓN DE TERRENOS,07,419  ,621   ,0,670000,670000,502172.97
2015,08   ,133  ,639    ,INV EN ORDENACIÓN DE TRÁFICO Y ESTACIONAMIENTO,08,133  ,639   ,0,116852.12,116852.12,86252.41
2015,16   ,171  ,619    ,INVERSIÓN PARQUES Y JARDINES,16,171  ,619   ,0,892307.95,892307.95,885302.81
2015,14   ,231  ,12100  ,COMPLEMENTO DE DESTINO,  ,2    ,1     ,42039,0,42039,50439.88
2015,14   ,231  ,12101  ,COMPLEMENTO ESPECÍFICO,  ,2    ,1     ,89367,0,89367,111703.36
2015,14   ,231  ,13000  ,RETRIBUCIONES BÁSICAS PERSONAL LABORAL FIJO,  ,2    ,1     ,195533,0,195533,190262.23
2015,14   ,231  ,16000  ,CUOTAS SEGURIDAD SOCIAL,  ,2    ,1     ,130757,0,130757,136729.06
2015,14   ,231  ,212    ,CONSERVACIÓN Y REPARACIÓN EDIFICIOS S. SOCIALES,14,23   ,21    ,39734,0,39734,38169.59
2015,14   ,231  ,22100  ,ELECTRICIDAD EDIFICIOS SERVICIOS SOCIALES,14,23   ,22    ,13993,0,13993,13993
2015,14   ,231  ,22101  ,CONSUMO AGUA EDIFICIOS SERVICIOS SOCIALES,14,23   ,22    ,5089,0,5089,15580.47
2015,14   ,231  ,22102  ,CONSUMO GAS EDIFICIOS SERVICIOS SOCIALES,14,23   ,22    ,15747,0,15747,16257.01
2015,14   ,231  ,22602  ,PUBLICIDAD Y DIFUSIÓN ,14,23   ,22    ,3825,0,3825,13032.36
2015,14   ,231  ,226991 ,PROYECTOS DE INCLUSIÓN ,14,23   ,22    ,50000,-847,49153,0
2015,14   ,231  ,226992 ,OTROS GASTOS DIRECCIÓN SERVICIOS SOCIALES,14,23   ,22    ,2430,0,2430,2345.2
2015,14   ,231  ,22700  ,LIMPIEZA EDIFICIOS SERVICIOS SOCIALES,14,23   ,22    ,167010,0,167010,167109.16
2015,14   ,231  ,48901  ,TRANSF CORRIENTES ENTIDADES,14,23   ,48    ,10000,0,10000,7000
2015,14   ,231  ,48902  ,TRANSF CORRIENTES FUNDACIÓ CATALANA DE L'ESPLAI,14,231  ,48902 ,35000,0,35000,35000
2015,14   ,231  ,48903  ,TRANSF CORRIENTES PROYECTOS DE INCLUSIÓN SOCIAL,14,23   ,48    ,10000,0,10000,0
2015,14   ,231  ,48904  ,TRANSF CORRIENTES GATS,14,231  ,48904 ,50000,0,50000,50000
2015,14   ,231  ,48905  ,SUBVENCIÓN RECIBOS IBI ,14,23   ,48    ,90000,-68400,21600,9605.53
2015,14   ,231  ,48906  ,TRANSF CORRIENTES FUNDACIÓ VIVIENDA SOCIAL,14,231  ,48906 ,70000,-70000,0,0
2015,14   ,231  ,48907  ,TRANSF CORRIENTES PROGRAMA SOCIAL VIVIENDA TRANSITORIA,14,23   ,48    ,8746,0,8746,8746
2015,14   ,2311 ,12001  ,SUELDOS DEL GRUPO A2,  ,2    ,1     ,167785,0,167785,195490.15
2015,14   ,2311 ,12004  ,SUELDOS DEL GRUPO C2,  ,2    ,1     ,41893,0,41893,31538.44
2015,14   ,2311 ,12006  ,TRIENIOS,  ,2    ,1     ,8643,0,8643,10980.45
2015,14   ,2311 ,120099 ,RETRIBUCIONES BÁSICAS SUPLENCIAS,  ,2    ,1     ,6198,0,6198,18512.87
2015,14   ,2311 ,12100  ,COMPLEMENTO DE DESTINO,  ,2    ,1     ,87543,0,87543,95836
2015,14   ,2311 ,12101  ,COMPLEMENTO ESPECÍFICO,  ,2    ,1     ,191532,0,191532,220061.03
2015,14   ,2311 ,121039 ,RETRIBUCIONES COMPLEMENTARIAS SUPLENCIAS,  ,2    ,1     ,7623,0,7623,28597.92
2015,14   ,2311 ,13000  ,RETRIBUCIONES BÁSICAS PERSONAL LABORAL FIJO,  ,2    ,1     ,455447,0,455447,483310.25
2015,14   ,2311 ,13001  ,HORAS EXTRAORDINARIAS PERSONAL LABORAL FIJO,  ,2    ,1     ,90,0,90,60.03
2015,14   ,2311 ,131    ,RETRIBUCIONES PERSONAL LABORAL TEMPORAL,  ,2    ,1     ,190068,0,190068,120826.88
2015,14   ,2311 ,13199  ,RETRIBUCIONES PERSONAL LABORAL TEMPORAL-SUPLENCIAS,  ,2    ,1     ,51110,0,51110,62651.28
2015,14   ,2311 ,151    ,GRATIFICACIÓN SERVICIOS FUNCIONARIOS,  ,2    ,1     ,68,0,68,141.47
2015,14   ,2311 ,16000  ,CUOTAS SEGURIDAD SOCIAL,  ,2    ,1     ,366640,0,366640,318563.39
2015,14   ,2311 ,204    ,ALQUILER ELEMENTOS DE TRANSPORTE,14,23   ,20    ,13310,847,14157,14157
2015,14   ,2311 ,227991 ,CONTR PREST SERVICIOS ,14,23   ,22    ,134560,120000,254560,225329.81
2015,14   ,2311 ,227992 ,CONTR PRESTACIÓN SERVICIOS SAD DEPENDÉNCIA,14,23   ,22    ,899600,24000,923600,896435.44
2015,14   ,2311 ,227993 ,CONTR TELEASISTENCIA,14,23   ,22    ,112000,0,112000,113092.25
2015,14   ,2311 ,227994 ,CONTR PRESTACIÓN SERVICIOS SAD,14,23   ,22    ,325600,44000,369600,359884.09
2015,14   ,2311 ,465    ,TRANSF CORRIENTES EAIA CONSELL COMARCAL,14,2311 ,465   ,3500,0,3500,3107.45
2015,14   ,2311 ,46501  ,TRANSF TRANSPORTE ADAPTADO-CONSELL COMARCAL,14,2311 ,46501 ,120000,-60000,60000,58591.72
2015,14   ,2311 ,489    ,TRANSF. CORRIENTES SUPORTE SOCIAL,14,23   ,48    ,280000,0,280000,138151.99
2015,14   ,2311 ,48901  ,TRANSF CORRIENTES CARITAS,14,2311 ,48901 ,50000,0,50000,50000
2015,14   ,2311 ,48902  ,TRANSF CORRIENTES CENTRO PROM. SOCIAL,14,2311 ,48902 ,40000,0,40000,40000
2015,14   ,2311 ,48903  ,TRANSF CORRIENTES SAO,14,2311 ,48903 ,204000,0,204000,203261.54
2015,14   ,2311 ,48904  ,TRANSF CORRIENTES CRUZ ROJA,14,2311 ,48904 ,110000,0,110000,110000
2015,14   ,2311 ,48905  ,TRANSF CORRIENTES EDUVIC,14,2311 ,48905 ,49336,0,49336,49335
2015,14   ,2311 ,48906  ,TRANSF CORRIENTES PUNTO SOLIDARIO,14,23   ,48    ,250000,0,250000,214734.97
2015,14   ,2311 ,48907  ,TRANSF CORRIENTES FUNDACIÓ ECOM,14,2311 ,48907 ,16000,0,16000,16000
2015,14   ,2312 ,12001  ,SUELDOS DEL GRUPO A2,  ,2    ,1     ,12907,0,12907,3477.54
2015,14   ,2312 ,12004  ,SUELDOS DEL GRUPO C2,  ,2    ,1     ,16757,0,16757,11673.2
2015,14   ,2312 ,12006  ,TRIENIOS,  ,2    ,1     ,7588,0,7588,1481.8
2015,10   ,430  ,22699  ,GASTOS VARIOS DINAMIZAICÓN COMERCIAL,10,43   ,22    ,2736,0,2736,1675.91
2015,10   ,430  ,22799  ,CONTR PREST SERVICIOS DINAMIZACIÓN COMERCIAL,10,43   ,22    ,34200,0,34200,29595.33
2015,10   ,430  ,489    ,TRANSF CORRIENTES COMERCIO,10,43   ,48    ,45000,0,45000,40026
2015,10   ,4311 ,22199  ,SUMINISTROS DIVERSOS,10,43   ,22    ,19043,0,19043,25188.35
2015,10   ,4311 ,22602  ,"PUBLICIDAD Y DIFUSIÓN, FERIAS, MUESTRAS, EXP",10,43   ,22    ,6972,0,6972,7771.68
2015,10   ,4311 ,22699  ,"GASTOS DIVERSOS FERIA AVÍCOLA, MUESTRA",10,43   ,22    ,1616,0,1616,1349.76
2015,10   ,4311 ,22799  ,"CONTR PREST SERVICIOS-FERIA AVÍCOLA, MOSTRA CIAL.",10,43   ,22    ,225000,0,225000,217640.38
2015,10   ,4312 ,212    ,CONSERVACIÓN Y REPARACIÓN MERCADO,10,43   ,21    ,15689,0,15689,3373.95
2015,10   ,4312 ,22100  ,ELECTRICIDAD MERCADO MPAL,10,43   ,22    ,17284,0,17284,2419.54
2015,10   ,4312 ,22700  ,LIMPIEZA MERCADO MUNICIPAL,10,43   ,22    ,31515,0,31515,31514.76
2015,10   ,432  ,22602  ,PUBLICIDAD Y COMUNICACIÓN TURISMO,10,43   ,22    ,11000,0,11000,11195
2015,10   ,432  ,22799  ,CONTR PREST SERV OFICINA PUERTA DEL DELTA,10,43   ,22    ,110836,0,110836,117063.65
2015,10   ,432  ,227991 ,CONTRATOS PRESTACIÓN SERVICIOS TURISMO,10,43   ,22    ,50000,0,50000,50949.79
2015,10   ,432  ,465    ,TRANSF CORRIENTE TURISMO CONSORCIOS,10,432  ,465   ,17500,0,17500,17500
2015,10   ,912  ,10000  ,RETRIBUCIONES BÁSICAS ÓRGANOS DE GOBIERNO,  ,9    ,1     ,88200,0,88200,74860.55
2015,10   ,912  ,16000  ,CUOTAS SEGURIDAD SOCIAL,  ,9    ,1     ,24762,0,24762,20121.58
2015,11   ,311  ,12000  ,SUELDOS DEL GRUPO A1,  ,3    ,1     ,14677,0,14677,14042.11
2015,11   ,311  ,12003  ,SUELDOS DEL GRUPO C1,  ,3    ,1     ,19770,0,19770,19444.51
2015,11   ,311  ,12004  ,SUELDOS DEL GRUPO C2,  ,3    ,1     ,16757,0,16757,15930.46
2015,11   ,311  ,12006  ,TRIENIOS,  ,3    ,1     ,13876,0,13876,13391.93
2015,11   ,311  ,12100  ,COMPLEMENTO DE DESTINO,  ,3    ,1     ,24612,0,24612,23763.2
2015,11   ,311  ,12101  ,COMPLEMENTO ESPECÍFICO,  ,3    ,1     ,57112,0,57112,58342.36
2015,11   ,311  ,16000  ,CUOTAS SEGURIDAD SOCIAL,  ,3    ,1     ,39394,0,39394,35340.79
2015,11   ,311  ,212    ,EDIF. SANIDAD-CONSERV Y REP.,11,31   ,21    ,10452,0,10452,10452
2015,11   ,311  ,22100  ,ELECTRICIDAD EDIFICIO SALUD PÚBLICA,11,31   ,22    ,3704,0,3704,4704
2015,11   ,311  ,22602  ,PUBLICIDAD Y DIFUSIÓN,11,31   ,22    ,4050,0,4050,7007.11
2015,11   ,311  ,226991 ,GASTOS DIVERSOS,11,31   ,22    ,1305,0,1305,40
2015,11   ,311  ,22700  ,LIMPIEZA EDIFICIO SALUD PÚBLICA ,11,31   ,22    ,40420,0,40420,40419.72
2015,11   ,311  ,22706  ,ESTUDIOS Y TRABAJOS TÉCNICOS ,11,31   ,22    ,2000,0,2000,0
2015,11   ,311  ,227991 ,PREST SERVICIOS SALVAMENTO PLAYA,11,31   ,22    ,100000,0,100000,106709.9
2015,11   ,311  ,227992 ,PREST SERVICIOS PREVENTIVOS,11,31   ,22    ,17200,0,17200,16500
2015,11   ,311  ,489    ,CONVENIO CRUZ ROJA,11,311  ,489   ,18350,0,18350,18350
2015,11   ,311  ,48902  ,TRANSF CORRIENTES ENTIDADES,11,31   ,48    ,7000,0,7000,7000
2015,11   ,311  ,48903  ,TRANSF CORRIENTES ASOCIACIÓN FAMILIARES ALZHEIMER,11,311  ,48903 ,21000,0,21000,21000
2015,11   ,311  ,48904  ,TRANSF CORRIENTES ASSOC ESP CONTRA EL CÁNCER,11,311  ,48904 ,3800,0,3800,3800
2015,11   ,311  ,48905  ,TRANSF CORRIENTES ASSOC VERGE DE MONTSERRAT-CDIAP,11,311  ,48905 ,4800,0,4800,4800
2015,11   ,3111 ,12001  ,SUELDOS DEL GRUPO A2,  ,3    ,1     ,12907,0,12907,12906.52
2015,11   ,3111 ,12006  ,TRIENIOS,  ,3    ,1     ,5776,0,5776,5775.8
2015,11   ,3111 ,12100  ,COMPLEMENTO DE DESTINO,  ,3    ,1     ,5213,0,5213,5212.62
2015,11   ,3111 ,12101  ,COMPLEMENTO ESPECÍFICO,  ,3    ,1     ,10648,0,10648,10647.56
2015,11   ,3111 ,13000  ,RETRIBUCIONES BÁSICAS PERSONAL LABORAL FIJO,  ,3    ,1     ,109033,0,109033,124576.15
2015,11   ,3111 ,16000  ,CUOTAS SEGURIDAD SOCIAL,  ,3    ,1     ,46441,0,46441,35295.74
2015,11   ,3111 ,22106  ,MATERIAL SANITARIO ,11,31   ,22    ,2000,0,2000,1786.72
2015,11   ,3111 ,22799  ,PREST SERVICIOS EPIDEMIOLOGIA PROM SALUD,11,31   ,22    ,40000,45000,85000,47370.88
2015,11   ,3112 ,12001  ,SUELDOS DEL GRUPO A2,  ,3    ,1     ,12907,0,12907,12906.52
2015,11   ,3112 ,12003  ,SUELDOS DEL GRUPO C1,  ,3    ,1     ,9885,0,9885,0
2015,11   ,3112 ,12006  ,TRIENIOS,  ,3    ,1     ,4273,0,4273,4272.64
2015,11   ,3112 ,12100  ,COMPLEMENTO DE DESTINO,  ,3    ,1     ,9483,0,9483,5212.62
2015,11   ,3112 ,12101  ,COMPLEMENTO ESPECÍFICO,  ,3    ,1     ,19747,0,19747,10647.56
2015,11   ,3112 ,13000  ,RETRIBUCIONES BÁSICAS PERSONAL LABORAL FIJO,  ,3    ,1     ,38371,0,38371,38370.74
2015,11   ,3112 ,16000  ,CUOTAS SEGURIDAD SOCIAL,  ,3    ,1     ,26423,0,26423,19141.69
2015,11   ,3112 ,22113  ,MATERIAL SANIDAD AMBIENTAL,11,31   ,22    ,4500,0,4500,18551.98
2015,11   ,3112 ,22799  ,SERVICIOS DIVERSOS SEGURIDAD ALIMENTARIA,11,31   ,22    ,9000,0,9000,12064
2015,11   ,3112 ,227991 ,PREST SERV CONTROL SANITARIO ANIMAL,11,31   ,22    ,71000,0,71000,75258.92
2015,11   ,3112 ,227992 ,TRABAJOS TÉCNICOS ANÁLISIS AGUA Y ALIMENTOS,11,31   ,22    ,63000,0,63000,56899.38
2015,11   ,3112 ,227993 ,"CONTRATO DDD (DESRATIZACIÓN, DESINFECCIÓN,...)",11,31   ,22    ,44365,0,44365,47759.19
2015,11   ,3112 ,465    ,"TRANSF. CORRIENTES COMARCAS, CONV MOSQUITOS",11,31   ,46    ,20000,0,20000,19777.57
2015,11   ,312  ,226992 ,GASTOS DIVERSOS CURT,11,31   ,22    ,1500,0,1500,0
2015,11   ,312  ,22799  ,CONTR PREST SERVICIOS DROGODEPENDENCIAS,11,31   ,22    ,81000,0,81000,80724.6
2015,11   ,493  ,12001  ,SUELDOS DEL GRUPO A2,  ,4    ,1     ,12907,0,12907,11960.95
2015,11   ,493  ,12004  ,SUELDOS DEL GRUPO C2,  ,4    ,1     ,8379,0,8379,8378.58
2015,11   ,493  ,12006  ,TRIENIOS,  ,4    ,1     ,5327,0,5327,4993.1
2015,11   ,493  ,12100  ,COMPLEMENTO DE DESTINO,  ,4    ,1     ,8225,0,8225,7858.16
2015,11   ,493  ,12101  ,COMPLEMENTO ESPECÍFICO,  ,4    ,1     ,18747,0,18747,20394.07
2015,11   ,493  ,16000  ,CUOTAS SEGURIDAD SOCIAL,  ,4    ,1     ,14877,0,14877,14755.37
2015,11   ,493  ,22699  ,CONSUMO-GASTO V.AULA CONSUMIDOR Y ED.ESC,11,49   ,22    ,3200,0,3200,2712
2015,11   ,912  ,10000  ,RETRIBUCIONES BÁSICAS ÓRGANOS DE GOBIERNO,  ,9    ,1     ,52500,0,52500,33619.23
2015,11   ,912  ,16000  ,CUOTAS SEGURIDAD SOCIAL,  ,9    ,1     ,14085,0,14085,9184.65
2015,12   ,132  ,12000  ,SUELDOS DEL GRUPO A1,  ,1    ,1     ,14677,0,14677,9871.33
2015,12   ,132  ,12001  ,SUELDOS DEL GRUPO A2,  ,1    ,1     ,12907,0,12907,12906.52
2015,12   ,132  ,12003  ,SUELDOS DEL GRUPO C1,  ,1    ,1     ,88964,0,88964,295263.96
2015,12   ,132  ,12004  ,SUELDOS DEL GRUPO C2,  ,1    ,1     ,842047,0,842047,572351.52
2015,12   ,132  ,12006  ,TRIENIOS,  ,1    ,1     ,183029,0,183029,199175.5
2015,12   ,132  ,12100  ,COMPLEMENTO DE DESTINO,  ,1    ,1     ,496829,0,496829,438058.66
2015,12   ,132  ,12101  ,COMPLEMENTO ESPECÍFICO,  ,1    ,1     ,1768738,0,1768738,1712204.08
2015,12   ,132  ,121031 ,OTROS COMPLEMENTOS,  ,1    ,1     ,532968,0,532968,473113.67
2015,12   ,132  ,124    ,RETRIBUCIONES FUNC PRÁCTICAS,  ,1    ,1     ,202557,0,202557,183961.65
2015,12   ,132  ,12404  ,RETRIBUCIONES FUNC PRÁCTICAS (SUELDOS GRUPO C2),  ,1    ,1     ,92164,0,92164,67238.52
2015,12   ,132  ,12406  ,RETRIBUCIONES FUNC PRÁCTICAS (TRIENIOS),  ,1    ,1     ,6,0,6,63.84
2015,12   ,132  ,13000  ,RETRIBUCIONES BÁSICAS PERSONAL LABORAL FIJO,  ,1    ,1     ,232055,0,232055,230292.79
2015,12   ,132  ,13001  ,HORAS EXTRAORDINARIAS PERSONAL LABORAL FIJO,  ,1    ,1     ,3261,0,3261,5136.39
2015,12   ,132  ,13002  ,OTRAS REMUNERACIONES PERSONAL LABORAL FIJO,  ,1    ,1     ,13159,0,13159,13336.05
2015,12   ,132  ,151    ,GRATIFICACIÓN SERVICIOS FUNCIONARIOS,  ,1    ,1     ,84120,0,84120,114138.99
2015,12   ,132  ,16000  ,CUOTAS SEGURIDAD SOCIAL,  ,1    ,1     ,1344116,0,1344116,1251913.79
2015,12   ,132  ,204    ,ALQUILERES MATERIALES Y EQUIPOS,12,13   ,20    ,97600,1504,99104,97600.36
2015,12   ,132  ,212    ,CONSERV EDIFI INSTAL SEG CIUDADANA,12,13   ,21    ,30938,0,30938,42394.27
2015,12   ,132  ,214    ,POLICÍA LOCAL-VEHÍCULOS,12,13   ,21    ,25000,0,25000,11909.69
2015,12   ,132  ,22100  ,SUBM. ENERGÍA ELÉCTRICA SEGURIDAD CIUDADANA,12,13   ,22    ,31014,0,31014,27676.7
2015,12   ,132  ,22101  ,CONSUMO AGUA SEG CIUDADANA,12,13   ,22    ,3689,0,3689,2295.6
2015,12   ,132  ,22102  ,CONSUMO GAS SEGURIDAD CIUDADANA,12,13   ,22    ,7742,0,7742,0
2015,12   ,132  ,22103  ,POLICIA LOCAL-COMBUSTIBLE,12,13   ,22    ,85623,0,85623,30950.88
2015,12   ,132  ,22104  ,VESTUARIO Y EQUIPO POLICIA LOCAL,12,13   ,22    ,100000,0,100000,69646.17
2015,12   ,132  ,22199  ,"POLICÍA LOCAL, SUM. DIVERSOS",12,13   ,22    ,15017,0,15017,24517.55
2015,12   ,132  ,224    ,POLICIA LOCAL-SEGUROS,12,13   ,22    ,12515,0,12515,7237.94
2015,12   ,132  ,22602  ,PUBLICIDAD Y PROPAGANDA-SEG-CIUDADANA,12,13   ,22    ,689,0,689,1068
2015,12   ,132  ,22699  ,GASTOS DIVERSOS-POLICIA LOCAL,12,13   ,22    ,19238,0,19238,5263.93
2015,12   ,132  ,22706  ,ESTUDIOS Y TRABAJOS TÉCNICOS SEGURIDAD CIUDADANA,12,13   ,22    ,7000,-1504,5496,0
2015,12   ,132  ,22799  ,CONTR PREST SERVICIOS SEG CIUDADANA,12,13   ,22    ,262900,0,262900,246270.79
2015,12   ,132  ,23020  ,POLICIA LOCAL-DIETAS,12,13   ,23    ,4228,0,4228,0
2015,12   ,132  ,23120  ,POLICIA LOCAL-TRASLADOS,12,13   ,23    ,4228,0,4228,2250.42
2015,04   ,3423 ,121031 ,OTROS COMPLEMENTOS,  ,3    ,1     ,8582,0,8582,6693.51
2015,09   ,9243 ,22699  ,GASTOS DIVERSOS COOPERACIÓN,09,92   ,22    ,12150,0,12150,2136.43
2015,09   ,9243 ,22799  ,CONTR PREST SERVICIOS COOPERACIÓN,09,92   ,22    ,36000,16250,52250,53025.55
2015,09   ,9243 ,48901  ,TRANSF CORRIENTES PROGRAMAS COOPERACIÓN,09,92   ,48    ,75000,0,75000,75021
2015,09   ,9243 ,48902  ,TRANSF CORRIENTES PROMOCIÓN Y COOPERACIÓN,09,92   ,48    ,10000,0,10000,9975
2015,09   ,9243 ,48903  ,TRANSF CORRIENTES PROYECTO GIBARA APSA,09,9243 ,48903 ,7000,0,7000,7000
2015,10   ,241  ,11000  ,RETRIBUCIONES BÁSICAS PERSONAL EVENTUAL,  ,2    ,1     ,22480,0,22480,18101.76
2015,10   ,241  ,11001  ,RETRIBUCIONES COMPLEMENTARIAS PERSONAL EVENTUAL,  ,2    ,1     ,41720,0,41720,47541.23
2015,10   ,241  ,12000  ,SUELDOS DEL GRUPO A1,  ,2    ,1     ,14677,0,14677,14677.32
2015,10   ,241  ,12001  ,SUELDOS DEL GRUPO A2,  ,2    ,1     ,12907,0,12907,0
2015,10   ,241  ,12003  ,SUELDOS DEL GRUPO C1,  ,2    ,1     ,19770,0,19770,19769.68
2015,10   ,241  ,12004  ,SUELDOS DEL GRUPO C2,  ,2    ,1     ,33514,0,33514,31718.27
2015,10   ,241  ,12005  ,SUELDOS DEL GRUPO E,  ,2    ,1     ,7679,0,7679,7678.58
2015,10   ,241  ,12006  ,TRIENIOS,  ,2    ,1     ,17353,0,17353,16808.86
2015,10   ,241  ,120099 ,RETRIBUCIONES BÁSICAS SUPLENCIAS,  ,2    ,1     ,1700,0,1700,0
2015,10   ,241  ,12100  ,COMPLEMENTO DE DESTINO,  ,2    ,1     ,38077,0,38077,32101.92
2015,10   ,241  ,12101  ,COMPLEMENTO ESPECÍFICO,  ,2    ,1     ,92104,0,92104,84440.72
2015,10   ,241  ,121039 ,RETRIBUCIONES COMPLEMENTARIAS SUPLENCIAS,  ,2    ,1     ,2064,0,2064,0
2015,10   ,241  ,13000  ,RETRIBUCIONES BÁSICAS PERSONAL LABORAL FIJO,  ,2    ,1     ,326508,0,326508,325185.08
2015,10   ,241  ,13001  ,HORAS EXTRAORDINARIAS PERSONAL LABORAL FIJO,  ,2    ,1     ,2974,0,2974,2210.86
2015,10   ,241  ,151    ,GRATIFICACIÓN SERVICIOS FUNCIONARIOS,  ,2    ,1     ,289,0,289,520.39
2015,10   ,241  ,16000  ,CUOTAS SEGURIDAD SOCIAL,  ,2    ,1     ,182389,0,182389,174658.82
2015,10   ,241  ,212    ,CONSERV-REPARACIÓN EDIFICIO CPE,10,24   ,21    ,70361,0,70361,48424.3
2015,10   ,241  ,22100  ,ELECTRICIDAD CPE,10,24   ,22    ,62163,0,62163,54088.63
2015,10   ,241  ,22101  ,CONSUMO AGUA CPE,10,24   ,22    ,4452,0,4452,3465.6
2015,07   ,920  ,12006  ,TRIENIOS,  ,9    ,1     ,2302,0,2302,4209.85
2015,07   ,920  ,12100  ,COMPLEMENTO DE DESTINO,  ,9    ,1     ,7911,0,7911,4907.85
2015,07   ,920  ,12101  ,COMPLEMENTO ESPECÍFICO,  ,9    ,1     ,18800,0,18800,12862.34
2015,07   ,920  ,121031 ,OTROS COMPLEMENTOS,  ,9    ,1     ,269974,0,269974,427051.35
2015,07   ,920  ,13000  ,RETRIBUCIONES BÁSICAS PERSONAL LABORAL FIJO,  ,9    ,1     ,19491,0,19491,0
2015,07   ,920  ,13002  ,OTRAS REMUNERACIONES PERSONAL LABORAL FIJO,  ,9    ,1     ,13974,0,13974,0
2015,07   ,920  ,15001  ,INCENTIVO PRODUCTIVIDAD NO ABSENTISMO,  ,9    ,1     ,389914,0,389914,379701.4
2015,07   ,920  ,16000  ,CUOTAS SEGURIDAD SOCIAL,  ,9    ,1     ,31932,0,31932,106709.19
2015,07   ,920  ,16104  ,INDEMNIZACIÓN JUBILACIONES ANTICIPADAS,  ,9    ,1     ,90000,0,90000,63997.09
2015,07   ,920  ,16200  ,FORMACIÓN Y PERFECCIONAMIENTO DEL PERSONAL,  ,9    ,1     ,60000,0,60000,37923.65
2015,07   ,920  ,202    ,ALQUILERES VARIOS,07,92   ,20    ,155000,0,155000,135157.68
2015,07   ,920  ,209    ,CANONES VARIOS,07,92   ,20    ,22546,0,22546,0
2015,07   ,920  ,216    ,MANTENIMIENTO EQUIPOS INFORMÁTICOS/PROGRAMARIO,07,92   ,21    ,290000,30000,320000,304915.19
2015,07   ,920  ,22000  ,MATERIAL DE OFICINA,07,92   ,22    ,100000,0,100000,113395.14
2015,07   ,920  ,22002  ,MATERIAL INFORMÁTICO NO INVENTARIABLE,07,92   ,22    ,120000,0,120000,91082.34
2015,07   ,920  ,22104  ,VESTUARIO,07,92   ,22    ,19800,0,19800,19541.28
2015,07   ,920  ,22200  ,SERVICIOS COMUNICACIÓN TELECOMUNICACIONES,07,92   ,22    ,250000,-36021.78,213978.22,102012.46
2015,07   ,920  ,22201  ,SERVICIOS COMUNICACIÓN POSTALES,07,92   ,22    ,180000,0,180000,76283.5
2015,07   ,920  ,224    ,SEGUROS,07,92   ,22    ,192000,0,192000,130071.32
2015,07   ,920  ,22500  ,TRIBUTOS ESTATALES (Impuesto producción electrica),07,92   ,22    ,1400,0,1400,2250.03
2015,07   ,920  ,22602  ,"ANUNCIOS, PUBLICACIONES, ETC.",07,92   ,22    ,22950,0,22950,7957.85
2015,07   ,920  ,22603  ,ANUNCIOS DIARIOS OFICIALES,07,92   ,22    ,24300,0,24300,18989.2
2015,07   ,920  ,22604  ,GASTOS DEFENSA JURIDICA Y REGISTRAL,07,92   ,22    ,30000,0,30000,14007.23
2015,07   ,920  ,227061 ,ESTUDIOS Y TRABAJOS TÉCNICOS,07,92   ,22    ,25000,0,25000,0
2015,07   ,920  ,227062 ,ESTUDIOS Y TRABAJOS TÉCNICOS TIC,07,92   ,22    ,160000,0,160000,183210.83
2015,07   ,920  ,22799  ,CONTR PRESTACIÓN DE SERVICIOS,07,92   ,22    ,140000,0,140000,90663.27
2015,07   ,9204 ,12101  ,COMPLEMENTO ESPECÍFICO,  ,9    ,1     ,212031,0,212031,201520.78
2015,07   ,9204 ,13000  ,RETRIBUCIONES BASICAS PERSONAL LABORAL FIJO,  ,9    ,1     ,75269,0,75269,76714.84
2015,07   ,9204 ,151    ,GRATIFICACIÓN SERVICIOS FUNCIONARIOS,  ,9    ,1     ,534,0,534,921
2015,07   ,9204 ,16000  ,CUOTAS SEGURIDAD SOCIAL,  ,9    ,1     ,145466,0,145466,142809.79
2015,07   ,929  ,22699  ,"GASTOS DIVERSOS, INDEMNIZACIONES, ETC",07,92   ,22    ,40000,0,40000,146187.52
2015,07   ,929  ,226991 ,OTROS GASTOS GENERALES,07,92   ,22    ,100000,-95640,4360,20216.65
2015,07   ,931  ,12000  ,SUELDOS DEL GRUPO A1,  ,9    ,1     ,44032,0,44032,44031.96
2015,07   ,931  ,12003  ,SUELDOS DEL GRUPO C1,  ,9    ,1     ,19770,0,19770,18614.55
2015,07   ,931  ,12004  ,SUELDOS DEL GRUPO C2,  ,9    ,1     ,33514,0,33514,33416.39
2015,07   ,931  ,12006  ,TRIENIOS,  ,9    ,1     ,28007,0,28007,27382.93
2015,07   ,931  ,12100  ,COMPLEMENTO DE DESTINO,  ,9    ,1     ,50356,0,50356,49758.95
2015,07   ,931  ,12101  ,COMPLEMENTO ESPECÍFICO,  ,9    ,1     ,153773,0,153773,156716.91
2015,07   ,931  ,151    ,GRATIFICACIÓN SERVICIOS FUNCIONARIOS,  ,9    ,1     ,721,0,721,725.97
2015,07   ,931  ,16000  ,CUOTAS SEGURIDAD SOCIAL,  ,9    ,1     ,79320,0,79320,80862.88
2015,07   ,932  ,12000  ,SUELDOS DEL GRUPO A1,  ,9    ,1     ,73387,0,73387,58241.81
2015,07   ,932  ,12001  ,SUELDOS DEL GRUPO A2,  ,9    ,1     ,12907,0,12907,12906.52
2015,07   ,932  ,12003  ,SUELDOS DEL GRUPO C1,  ,9    ,1     ,49424,0,49424,45138.56
2015,07   ,932  ,12004  ,SUELDOS DEL GRUPO C2,  ,9    ,1     ,33514,0,33514,41017.37
2015,07   ,932  ,12006  ,TRIENIOS,  ,9    ,1     ,48177,0,48177,46825.8
2015,07   ,932  ,12100  ,COMPLEMENTO DE DESTINO,  ,9    ,1     ,81736,0,81736,72462.57
2015,07   ,932  ,12101  ,COMPLEMENTO ESPECÍFICO,  ,9    ,1     ,201936,0,201936,176566.46
2015,07   ,932  ,151    ,GRATIFICACIÓN SERVICIOS FUNCIONARIOS,  ,9    ,1     ,49,0,49,541.62
2015,07   ,932  ,16000  ,CUOTAS SEGURIDAD SOCIAL,  ,9    ,1     ,131748,0,131748,119313.91
2015,07   ,934  ,12000  ,SUELDOS DEL GRUPO A1,  ,9    ,1     ,14677,0,14677,10184.8
2015,07   ,934  ,12003  ,SUELDOS DEL GRUPO C1,  ,9    ,1     ,9885,0,9885,9884.84
2015,07   ,934  ,12004  ,SUELDOS DEL GRUPO C2,  ,9    ,1     ,18635,0,18635,16621.85
2015,07   ,934  ,12006  ,TRIENIOS,  ,9    ,1     ,8547,0,8547,8161.66
2015,07   ,934  ,120091 ,OTRAS RETRIBUCIONES BÁSICAS,  ,9    ,1     ,380,0,380,0
2015,07   ,934  ,12100  ,COMPLEMENTO DE DESTINO,  ,9    ,1     ,22002,0,22002,18276.85
2015,07   ,934  ,12101  ,COMPLEMENTO ESPECÍFICO,  ,9    ,1     ,47867,0,47867,47206.28
2015,07   ,934  ,16000  ,CUOTAS SEGURIDAD SOCIAL,  ,9    ,1     ,32575,0,32575,34830.89
2015,07   ,934  ,22708  ,GASTOS RECAUDACIÓN ORGT,07,934  ,22708 ,590000,-93000,497000,160891.5
2015,07   ,942  ,464    ,ÁREA METROPOLITANA DE BARCELONA,07,942  ,464   ,1226662,0,1226662,1226661.52
2015,07   ,943  ,466    ,APORT. COMUNIDAD MUNICIPIOS PLANA GALET,07,943  ,466   ,50000,0,50000,0
2015,08   ,133  ,22799  ,PRESTACIÓN DE SERVICIOS ORDENACIÓN APARCAMIENTO PLAYA,08,13   ,22    ,100000,0,100000,0
2015,08   ,150  ,11000  ,RETRIBUCIONES BÁSICAS PERSONAL EVENTUAL,  ,1    ,1     ,51333,0,51333,41482.92
2015,08   ,150  ,11001  ,RETRIBUCIONES COMPLEMENTARIAS PERSONAL EVENTUAL,  ,1    ,1     ,94583,0,94583,108717.27
2015,08   ,150  ,12000  ,SUELDOS DEL GRUPO A1,  ,1    ,1     ,73387,0,73387,67067.47
2015,08   ,150  ,12001  ,SUELDOS DEL GRUPO A2,  ,1    ,1     ,12907,0,12907,12906.52
2015,08   ,150  ,12003  ,SUELDOS DEL GRUPO C1,  ,1    ,1     ,49424,0,49424,33112.81
2015,08   ,150  ,12004  ,SUELDOS DEL GRUPO C2,  ,1    ,1     ,41893,0,41893,46046.8
2015,08   ,150  ,12006  ,TRIENIOS,  ,1    ,1     ,35170,0,35170,31659.27
2015,08   ,150  ,12100  ,COMPLEMENTO DE DESTINO,  ,1    ,1     ,83136,0,83136,73542.25
2015,08   ,150  ,12101  ,COMPLEMENTO ESPECÍFICO,  ,1    ,1     ,217557,0,217557,201707.16
2015,08   ,150  ,13000  ,RETRIBUCIONES BASICAS PERSONAL LABORAL FIJO,  ,1    ,1     ,42739,0,42739,42739.02
2015,08   ,150  ,16000  ,CUOTAS SEGURIDAD SOCIAL,  ,1    ,1     ,170395,0,170395,172033.74
2015,14   ,231  ,48908  ,TRANSF CORRIENTES FUNDACIÓ HABITAT 3,14,231  ,48908 ,0,70000,70000,4125
2015,08   ,150  ,226991 ,GASTOS DIVERSOS URBANISMO Y TERRITORIO,08,15   ,22    ,9639,0,9639,4844.64
2015,08   ,150  ,22706  ,ESTUDIOS Y TRABAJOS TÉCNICOS,08,15   ,22    ,53000,0,53000,19239.81
2015,08   ,150  ,489    ,CUOTAS-APORTACIONES DIVERSAS,08,15   ,48    ,8000,0,8000,6925.47
2015,08   ,151  ,12000  ,SUELDOS DEL GRUPO A1,  ,1    ,1     ,14677,0,14677,14566.42
2015,08   ,151  ,12001  ,SUELDOS DEL GRUPO A2,  ,1    ,1     ,12907,0,12907,12813.72
2015,08   ,151  ,12006  ,TRIENIOS,  ,1    ,1     ,3758,0,3758,3729.93
2015,08   ,151  ,12100  ,COMPLEMENTO DE DESTINO,  ,1    ,1     ,16322,0,16322,16207.06
2015,08   ,151  ,12101  ,COMPLEMENTO ESPECÍFICO,  ,1    ,1     ,53133,0,53133,53148.85
2015,08   ,151  ,151    ,GRATIFICACIÓN SERVICIOS FUNCIONARIOS,  ,1    ,1     ,188,0,188,0
2015,08   ,151  ,16000  ,CUOTAS SEGURIDAD SOCIAL,  ,1    ,1     ,24752,0,24752,24938.1
2015,08   ,1521 ,227991 ,PRESTACIÓN DE SERVICIOS OFICINA DE VIVIENDA,08,15   ,22    ,373911,0,373911,351210
2015,08   ,1521 ,467    ,APORT. CONSORCIO PRAT NORD,08,152  ,467   ,80000,0,80000,20000
2015,08   ,1522 ,780    ,"TRANSF CAP ASCENSORES, VIVIENDAS Y LOCALES ST COSME",08,152  ,780   ,90000,0,90000,77595.92
2015,08   ,170  ,12003  ,SUELDOS DEL GRUPO C1,  ,1    ,1     ,9885,0,9885,9719.93
2015,08   ,170  ,12004  ,SUELDOS DEL GRUPO C2,  ,1    ,1     ,16757,0,16757,8378.58
2015,08   ,170  ,12006  ,TRIENIOS,  ,1    ,1     ,6219,0,6219,5409.02
2015,08   ,170  ,12100  ,COMPLEMENTO DE DESTINO,  ,1    ,1     ,12181,0,12181,8459.86
2015,08   ,170  ,12101  ,COMPLEMENTO ESPECÍFICO,  ,1    ,1     ,27725,0,27725,19292.42
2015,08   ,170  ,13000  ,RETRIBUCIONES BÁSICAS PERSONAL LABORAL FIJO,  ,1    ,1     ,149977,0,149977,118173.32
2015,08   ,170  ,151    ,GRATIFICACIÓN SERVICIOS FUNCIONARIOS,  ,1    ,1     ,295,0,295,242.68
2015,08   ,170  ,16000  ,CUOTAS SEGURIDAD SOCIAL,  ,1    ,1     ,63954,0,63954,49247.43
2015,08   ,1721 ,12000  ,SUELDOS DEL GRUPO A1,  ,1    ,1     ,14677,0,14677,13096.03
2015,08   ,1721 ,12006  ,TRIENIOS ,  ,1    ,1     ,2884,0,2884,2573.75
2015,08   ,1721 ,12100  ,COMPLEMENTO DE DESTINO,  ,1    ,1     ,6156,0,6156,5528.87
2015,08   ,1721 ,12101  ,COMPLEMENTO ESPECÍFICO,  ,1    ,1     ,11806,0,11806,14324.37
2015,08   ,1721 ,13000  ,RETRIBUCIONES BÁSICAS PERSONAL LABORAL FIJO,  ,1    ,1     ,29703,0,29703,29702.58
2015,08   ,1721 ,13001  ,HORAS EXTRAORDINARIAS PERSONAL LABORAL FIJO,  ,1    ,1     ,1799,0,1799,300.15
2015,08   ,1721 ,16000  ,CUOTAS SEGURIDAD SOCIAL,  ,1    ,1     ,21006,0,21006,21386.88
2015,08   ,1721 ,22602  ,GASTOS DIFUSIÓN AMBIENTAL,08,17   ,22    ,9000,0,9000,10956.79
2015,08   ,1721 ,22699  ,GASTOS DIVERSOS CALIDAD AMBIENTAL,08,17   ,22    ,810,0,810,585.47
2015,08   ,1721 ,227992 ,CONTR PREST SERVICIOS EDUCACIÓN AMBIENTAL,08,17   ,22    ,104100,0,104100,110999.66
2015,08   ,1721 ,489    ,TRANSF CORRIENTES EDUC PROM AMBIENTAL,08,17   ,48    ,31500,0,31500,30900
2015,08   ,1721 ,48901  ,CUOTAS-APORTACIONES DIVERSAS,08,17   ,48    ,2430,0,2430,1800
2015,08   ,17210,22199  ,GESTIÓN-ESPACIOS NATURALES,08,17   ,22    ,8100,0,8100,20140.55
2015,08   ,17210,227991 ,PREST SERVICIOS -ESPACIOS NATURALES-PLAYA,08,17   ,22    ,111400,8702.48,120102.48,99151.23
2015,08   ,17210,227992 ,PREST SERVICIOS INSPECCIONES INDUSTRIALES,08,17   ,22    ,14100,0,14100,12171.09
2015,08   ,17210,467    ,APORT. CONSORCIO ESPACIOS NATURALES DEL DELTA,08,1721 ,467   ,60000,0,60000,60000
2015,08   ,1722 ,12000  ,SUELDOS DEL GRUPO A1,  ,1    ,1     ,14677,0,14677,14603.38
2015,08   ,1722 ,12006  ,TRIENIOS ,  ,1    ,1     ,3426,0,3426,3408.32
2015,08   ,1722 ,12100  ,COMPLEMENTO DE DESTINO,  ,1    ,1     ,7138,0,7138,7103.77
2015,08   ,1722 ,12101  ,COMPLEMENTO ESPECÍFICO,  ,1    ,1     ,12110,0,12110,13911.52
2015,08   ,1722 ,13000  ,RETRIBUCIONES BÁSICAS PERSONAL LABORAL FIJO,  ,1    ,1     ,24951,0,24951,25866.2
2015,08   ,1722 ,13002  ,OTRAS REMUNERACIONES PERSONAL LABORAL FIJO,  ,1    ,1     ,1841,0,1841,0
2015,08   ,1722 ,16000  ,CUOTAS SEGURIDAD SOCIAL,  ,1    ,1     ,22018,0,22018,20183.24
2015,08   ,419  ,22602  ,PUBLICIDAD Y DIFUSIÓN AGRICULTURA,08,41   ,22    ,5465,0,5465,9409.44
2015,08   ,419  ,22799  ,PRESTACIÓN SERVICIOS AGRICULTURA,08,41   ,22    ,36635,0,36635,32548.8
2015,08   ,419  ,489    ,TRANSF CORRIENTES AGRICULTURA,08,41   ,48    ,9356,0,9356,9356
2015,08   ,420  ,12000  ,SUELDOS DEL GRUPO A1,  ,4    ,1     ,14677,0,14677,14677.32
2015,08   ,420  ,12001  ,SUELDOS DEL GRUPO A2,  ,4    ,1     ,25813,0,25813,25245.9
2015,08   ,420  ,12003  ,SUELDOS DEL GRUPO C1,  ,4    ,1     ,39539,0,39539,39539.36
2015,08   ,420  ,12004  ,SUELDOS DEL GRUPO C2,  ,4    ,1     ,41893,0,41893,41833.62
2015,08   ,420  ,12006  ,TRIENIOS,  ,4    ,1     ,32935,0,32935,32805.23
2015,08   ,420  ,12100  ,COMPLEMENTO DE DESTINO,  ,4    ,1     ,58273,0,58273,57987.69
2015,08   ,420  ,12101  ,COMPLEMENTO ESPECÍFICO,  ,4    ,1     ,135982,0,135982,139161.49
2015,08   ,420  ,13000  ,RETRIBUCIONES BÁSICAS PERSONAL LABORAL FIJO,  ,4    ,1     ,74466,0,74466,49531.53
2015,08   ,420  ,151    ,GRATIFICACIÓN SERVICIOS FUNCIONARIOS,  ,4    ,1     ,132,0,132,297.76
2015,08   ,420  ,16000  ,CUOTAS SEGURIDAD SOCIAL,  ,4    ,1     ,122262,0,122262,116731.63
2015,08   ,4411 ,22602  ,PUBLICIDAD-DIFUSIÓN TRANSPORTE,08,44   ,22    ,1000,0,1000,0
2015,08   ,4411 ,464    ,TRANSF TRANSPORTE URBANO,08,44   ,46    ,280000,0,280000,265463.53
2015,08   ,912  ,10000  ,RETRIBUCIONES BÁSICAS ÓRGANOS DE GOBIERNO,  ,9    ,1     ,55400,0,55400,82330.41
2015,08   ,912  ,16000  ,CUOTAS SEGURIDAD SOCIAL,  ,9    ,1     ,14085,0,14085,21597.16
2015,09   ,231  ,12001  ,SUELDOS DEL GRUPO A2,  ,2    ,1     ,12907,0,12907,12906.52
2015,09   ,231  ,12003  ,SUELDOS DEL GRUPO C1,  ,2    ,1     ,9885,0,9885,7972.98
2015,09   ,231  ,12004  ,SUELDOS DEL GRUPO C2,  ,2    ,1     ,16757,0,16757,16537.44
2015,09   ,231  ,12006  ,TRIENIOS,  ,2    ,1     ,14497,0,14497,13403.43
2015,09   ,231  ,12100  ,COMPLEMENTO DE DESTINO,  ,2    ,1     ,18337,0,18337,17312.27
2015,09   ,231  ,12101  ,COMPLEMENTO ESPECÍFICO,  ,2    ,1     ,38967,0,38967,44375.24
2015,09   ,231  ,13000  ,RETRIBUCIONES BÁSICAS PERSONAL LABORAL FIJO,  ,2    ,1     ,138227,0,138227,137897.3
2015,09   ,231  ,13001  ,HORAS EXTRAORDINARIAS PERSONAL LABORAL FIJO,  ,2    ,1     ,881,0,881,436.82
2015,09   ,231  ,16000  ,CUOTAS SEGURIDAD SOCIAL,  ,2    ,1     ,79923,0,79923,80674.96
2015,09   ,2316 ,226021 ,PUBLICIDAD-DIFUSIÓN MUJER,09,23   ,22    ,3765,0,3765,2203.97
2015,09   ,2316 ,22606  ,PLAN IGUALDAD MUJER-HOMBRE,09,23   ,22    ,16310,0,16310,21327.5
2015,09   ,2316 ,226991 ,GASTOS DIVERSOS PLAN IGUALDAD MUJER-HOMBRE,09,23   ,22    ,1985,0,1985,5508.1
2015,09   ,2316 ,227991 ,PRESTACIÓN DE SERVICIOS MUJER,09,23   ,22    ,60000,0,60000,50928.51
2015,09   ,2316 ,48901  ,TRANSF CORRIENTES,09,23   ,48    ,7290,0,7290,7278.58
2015,09   ,2317 ,226022 ,PUBLICIDAD-DIFUSIÓN COLECTIVOS NECESIDADES ESPECIA,09,23   ,22    ,620,0,620,0
2015,09   ,2317 ,226992 ,GASTOS DIVERSOS,09,23   ,22    ,11000,0,11000,4912
2015,09   ,2317 ,227992 ,PRESTACIÓN DE SERVICIOS COLECTIVOS NECESIDADES ESPEC,09,23   ,22    ,25000,0,25000,31949.3
2015,09   ,2317 ,48902  ,TRANSF CORRIENTES DISCAPACITADOS,09,23   ,48    ,7200,0,7200,7200
2015,09   ,2317 ,48904  ,TRANSF CORRIENTES FUNDACIÓ RUBRICATUS,09,2317 ,48904 ,270000,0,270000,270000
2015,09   ,2317 ,48906  ,"DISPRAT LLEURE, ALQUILER LOCAL",09,2317 ,48906 ,2100,0,2100,1482.25
2015,09   ,2318 ,22100  ,ELECTRICIDAD HUERTOS LÚDICOS,09,23   ,22    ,3910,0,3910,1189.51
2015,09   ,2318 ,22101  ,CONSUMO AGUA HUERTOS LÚDICOS,09,23   ,22    ,6361,0,6361,15468
2015,09   ,2318 ,22199  ,SUMINISTROS DIVERSOS,09,23   ,22    ,6,0,6,3071.93
2015,09   ,2318 ,226023 ,PUBLICIDAD-DIFUSIÓN PERSONAS MAYORES,09,23   ,22    ,1800,0,1800,1160.64
2015,09   ,2318 ,226994 ,GASTOS DIVERSOS ACTIVIDADES PERSONAS MAYORES,09,23   ,22    ,1533,0,1533,483.65
2015,09   ,2318 ,227994 ,GESTIÓN HUERTOS LÚDICOS,09,23   ,22    ,30763,0,30763,26866.77
2015,09   ,2318 ,227995 ,CONTR PREST SERVICIOS PERSONAS MAYORES,09,23   ,22    ,218000,0,218000,186868.64
2015,09   ,2318 ,48903  ,TRANSF CORRIENTES PERSONAS MAYORES,09,23   ,48    ,2700,0,2700,2700
2015,09   ,2318 ,48905  ,"TRANSF CORRIENTES COOP VIVIENDAS, CASAL DE ANCIANOS",09,2318 ,48905 ,16000,0,16000,16000
2015,09   ,912  ,10000  ,RETRIBUCIONES BÁSICAS ÓRGANOS DE GOBIERNO,  ,9    ,1     ,32800,0,32800,18267.88
2015,09   ,912  ,16000  ,CUOTAS SEGURIDAD SOCIAL,  ,9    ,1     ,10676,0,10676,5566.98
2015,09   ,9243 ,22602  ,PUBLICIDAD-DIFUSIÓN,09,92   ,22    ,689,0,689,892.95
2015,07   ,920  ,23010  ,DIETAS PERSONAL DIRECTIVO,07,92   ,23    ,2953,0,2953,90.1
2015,07   ,920  ,23020  ,DIETAS PERSONAL NO DIRECTIVO,07,92   ,23    ,2953,0,2953,2815.96
2015,07   ,920  ,23110  ,LOCOMOCIÓN PERSONAL DIRECTIVO,07,92   ,23    ,3957,0,3957,449.38
2015,07   ,920  ,23120  ,LOCOMOCIÓN PERSONAL NO DIRECTIVO,07,92   ,23    ,4006,0,4006,2279.94
2015,07   ,920  ,233    ,ASISTENCIA TRIBUNALES,07,92   ,23    ,1000,0,1000,1199.46
2015,07   ,920  ,467    ,ECONOMIA-TRANSF. LOCALRET,07,920  ,467   ,8300,0,8300,7419.91
2015,07   ,920  ,489    ,BECAS PERSONAL COLABORADOR,07,920  ,489   ,32000,0,32000,19125.94
2015,07   ,920  ,624    ,INVERSIÓN ELEMENTOS DE TRANSPORTE ,07,920  ,624   ,71800,33000,104800,39752.78
2015,07   ,920  ,626    ,MATERIAL INVENTARIABLE. EQUIPOS PROCESOS INFORMÁTICOS,07,920  ,626   ,250000,37924.65,287924.65,234489.67
2015,07   ,920  ,629    ,MATERIAL INVENTARIABLE DIVERSO,07,920  ,629   ,125000,79884.88,204884.88,170339.22
2015,07   ,920  ,830    ,ANTICIPOS REINTEGRABLES PERSONAL,07,920  ,830   ,1000,52500,53500,50907.21
2015,07   ,9201 ,12000  ,SUELDOS DEL GRUPO A1,  ,9    ,1     ,14677,0,14677,14677.32
2015,07   ,9201 ,12001  ,SUELDOS DEL GRUPO A2,  ,9    ,1     ,12907,0,12907,12906.52
2015,07   ,9201 ,12003  ,SUELDOS DEL GRUPO C1,  ,9    ,1     ,9885,0,9885,9884.84
2015,07   ,9201 ,12004  ,SUELDOS DEL GRUPO C2,  ,9    ,1     ,36491,0,36491,32650.7
2015,07   ,9201 ,12006  ,TRIENIOS,  ,9    ,1     ,21985,0,21985,21771.08
2015,07   ,9201 ,12100  ,COMPLEMENTO DE DESTINO,  ,9    ,1     ,34574,0,34574,33026.09
2015,07   ,9201 ,12101  ,COMPLEMENTO ESPECÍFICO,  ,9    ,1     ,83944,0,83944,80002.44
2015,07   ,9201 ,16000  ,CUOTAS SEGURIDAD SOCIAL,  ,9    ,1     ,58857,0,58857,59607.15
2015,07   ,9202 ,12000  ,SUELDOS DEL GRUPO A1,  ,9    ,1     ,44032,0,44032,43745.75
2015,07   ,9202 ,12001  ,SUELDOS DEL GRUPO A2,  ,9    ,1     ,25813,0,25813,12001.08
2015,07   ,9202 ,12003  ,SUELDOS DEL GRUPO C1,  ,9    ,1     ,39539,0,39539,38862.06
2015,07   ,9202 ,12004  ,SUELDOS DEL GRUPO C2,  ,9    ,1     ,33514,0,33514,28779.02
2015,07   ,9202 ,12006  ,TRIENIOS,  ,9    ,1     ,37963,0,37963,37242.09
2015,07   ,9202 ,12100  ,COMPLEMENTO DE DESTINO,  ,9    ,1     ,64273,0,64273,56340.75
2015,07   ,9202 ,12101  ,COMPLEMENTO ESPECÍFICO,  ,9    ,1     ,157802,0,157802,143040.35
2015,07   ,9202 ,13000  ,RETRIBUCIONES BÁSICAS PERSONAL LABORAL FIJO,  ,9    ,1     ,69345,0,69345,69373.64
2015,07   ,9202 ,151    ,GRATIFICACIÓN SERVICIOS FUNCIONARIOS,  ,9    ,1     ,1198,0,1198,3633.31
2015,07   ,9202 ,16000  ,CUOTAS SEGURIDAD SOCIAL,  ,9    ,1     ,130843,0,130843,123941.46
2015,07   ,9203 ,12000  ,SUELDOS DEL GRUPO A1,  ,9    ,1     ,29355,0,29355,11488.16
2015,07   ,9203 ,12003  ,SUELDOS DEL GRUPO C1,  ,9    ,1     ,19770,0,19770,19721.68
2015,07   ,9203 ,12004  ,SUELDOS DEL GRUPO C2,  ,9    ,1     ,98041,0,98041,93162.17
2015,07   ,9203 ,12005  ,SUELDOS DEL GRUPO E,  ,9    ,1     ,38393,0,38393,38394.6
2015,07   ,9203 ,12006  ,TRIENIOS,  ,9    ,1     ,36376,0,36376,34141.08
2015,07   ,9203 ,120099 ,RETRIBUCIONES BÁSICAS SUPLENCIAS,  ,9    ,1     ,587,0,587,396.33
2015,07   ,9203 ,12100  ,COMPLEMENTO DE DESTINO,  ,9    ,1     ,77292,0,77292,67868.9
2015,07   ,9203 ,12101  ,COMPLEMENTO ESPECÍFICO,  ,9    ,1     ,228973,0,228973,225085.24
2015,07   ,9203 ,121039 ,RETRIBUCIONES COMPLEMENTARIAS SUPLENCIAS,  ,9    ,1     ,812,0,812,1179.83
2015,07   ,9203 ,13000  ,RETRIBUCIONES BÁSICAS PERSONAL LABORAL FIJO,  ,9    ,1     ,420506,0,420506,380791.05
2015,07   ,9203 ,13001  ,HORAS EXTRAORDINARIAS PERSONAL LABORAL FIJO,  ,9    ,1     ,3329,0,3329,3567.32
2015,07   ,9203 ,151    ,GRATIFICACIÓN SERVICIOS FUNCIONARIOS,  ,9    ,1     ,355,0,355,978.5
2015,07   ,9203 ,16000  ,CUOTAS SEGURIDAD SOCIAL,  ,9    ,1     ,260324,0,260324,234442.89
2015,07   ,9203 ,22705  ,GASTOS ELECCIONES,07,92   ,22    ,50000,0,50000,25412.66
2015,07   ,9204 ,12000  ,SUELDOS DEL GRUPO A1,  ,9    ,1     ,44032,0,44032,40042.03
2015,07   ,9204 ,12001  ,SUELDOS DEL GRUPO A2,  ,9    ,1     ,77439,0,77439,74112.08
2015,07   ,9204 ,12003  ,SUELDOS DEL GRUPO C1,  ,9    ,1     ,29655,0,29655,29422.26
2015,07   ,9204 ,12004  ,SUELDOS DEL GRUPO C2,  ,9    ,1     ,8379,0,8379,8378.58
2015,07   ,9204 ,12006  ,TRIENIOS,  ,9    ,1     ,32651,0,32651,31313.58
2015,07   ,9204 ,12100  ,COMPLEMENTO DE DESTINO,  ,9    ,1     ,78065,0,78065,73939.3
2015,16   ,165  ,619    ,MEJORAS ALUMBRADO JAUME CASANOVAS,16,165  ,619   ,0,50000,50000,0
2015,04   ,3423 ,121039 ,RETRIBUCIONES COMPLEMENTARIAS SUPLENCIAS,  ,3    ,1     ,11841,0,11841,10875.24
2015,04   ,3423 ,13000  ,RETRIBUCIONES BÁSICAS PERSONAL LABORAL FIJO,  ,3    ,1     ,163815,0,163815,164101.47
2015,04   ,3423 ,13001  ,HORAS EXTRAORDINARIAS PERSONAL LABORAL FIJO,  ,3    ,1     ,5949,0,5949,7066.55
2015,04   ,3423 ,13002  ,OTRAS REMUNERACIONES PERSONAL LABORAL FIJO,  ,3    ,1     ,13297,0,13297,12769.51
2015,04   ,3423 ,151    ,GRATIFICACIÓN SERVICIOS FUNCIONARIOS,  ,3    ,1     ,6577,0,6577,4519.14
2015,04   ,3423 ,16000  ,CUOTAS SEGURIDAD SOCIAL,  ,3    ,1     ,131904,0,131904,118205.48
2015,04   ,3423 ,212    ,"CEM ESTRUCH, CONSERVACIÓN Y REPARACIÓN",04,34   ,21    ,165240,0,165240,184193.61
2015,04   ,3423 ,22100  ,ELECTRICIDAD CEM ESTRUCH,04,34   ,22    ,125000,0,125000,114809.65
2015,04   ,3423 ,22102  ,CONSUMO GAS CEM ESTRUCH,04,34   ,22    ,99455,0,99455,143603.79
2015,04   ,3423 ,22700  ,LIMPIEZA CEM ESTRUCH,04,34   ,22    ,489608,0,489608,489608.28
2015,04   ,3424 ,22100  ,ELECTRICIDAD CEM JULIO MÉNDEZ,04,34   ,22    ,28000,0,28000,24785.42
2015,04   ,3424 ,22102  ,CONSUMO GAS CEM JULIO MÉNDEZ,04,34   ,22    ,11000,0,11000,10920.23
2015,04   ,3424 ,227991 ,CONSERV Y GEST CEM JULIO MÉNDEZ,04,34   ,22    ,450120,0,450120,447527.94
2015,04   ,3425 ,22100  ,ELECTRICIDAD CEM FONDO D'EN PEIXO,04,34   ,22    ,60000,0,60000,60000
2015,04   ,3425 ,22102  ,CONSUMO GAS CEM FONDO D'EN PEIXO,04,34   ,22    ,50000,0,50000,41431.07
2015,04   ,3425 ,227991 ,CONTR PREST SERVICIOS FONDO D'EN PEIXO,04,34   ,22    ,775610,0,775610,765525.29
2015,04   ,912  ,10000  ,RETRIBUCIONES BÁSICAS ÓRGANOS DE GOBIERNO,  ,9    ,1     ,55400,0,55400,56592.67
2015,04   ,912  ,16000  ,CUOTAS SEGURIDAD SOCIAL,  ,9    ,1     ,14085,0,14085,14554.6
2015,04   ,922  ,11000  ,RETRIBUCIONES BÁSICAS PERSONAL EVENTUAL,  ,9    ,1     ,21309,0,21309,17477.64
2015,04   ,922  ,11001  ,RETRIBUCIONES COMPLEMENTARIAS PERSONAL EVENTUAL,  ,9    ,1     ,34691,0,34691,43792.62
2015,04   ,922  ,12004  ,SUELDOS DEL GRUPO C2,  ,9    ,1     ,8379,0,8379,5852.74
2015,04   ,922  ,12006  ,TRIENIOS,  ,9    ,1     ,1180,0,1180,802.47
2015,04   ,922  ,12100  ,COMPLEMENTO DE DESTINO,  ,9    ,1     ,3641,0,3641,2543.7
2015,04   ,922  ,12101  ,COMPLEMENTO ESPECÍFICO,  ,9    ,1     ,9701,0,9701,6830.12
2015,04   ,922  ,16000  ,CUOTAS SEGURIDAD SOCIAL,  ,9    ,1     ,19572,0,19572,18555.4
2015,04   ,922  ,22699  ,GASTOS DIVERSOS DIRECCIÓN DE ÁREA,04,92   ,22    ,2250,0,2250,23.9
2015,04   ,922  ,22799  ,"MUESTRA DE ENTIDADES, FORMACIÓN ENTIDADES, ETC",04,92   ,22    ,23328,0,23328,19155.8
2015,06   ,153  ,12000  ,SUELDOS DEL GRUPO A1,  ,1    ,1     ,14677,0,14677,14569.99
2015,06   ,153  ,12001  ,SUELDOS DEL GRUPO A2,  ,1    ,1     ,12907,0,12907,12906.52
2015,06   ,153  ,12003  ,SUELDOS DEL GRUPO C1,  ,1    ,1     ,39539,0,39539,38285.13
2015,06   ,153  ,12004  ,SUELDOS DEL GRUPO C2,  ,1    ,1     ,108922,0,108922,58980.5
2015,06   ,153  ,12005  ,SUELDOS DEL GRUPO E,  ,1    ,1     ,23036,0,23036,18713.35
2015,06   ,153  ,12006  ,TRIENIOS,  ,1    ,1     ,39532,0,39532,34877.28
2015,06   ,153  ,120099 ,RETRIBUCIONES BÁSICAS SUPLENCIAS,  ,1    ,1     ,1798,0,1798,4004.5
2015,06   ,153  ,12100  ,COMPLEMENTO DE DESTINO,  ,1    ,1     ,88751,0,88751,62663.01
2015,06   ,153  ,12101  ,COMPLEMENTO ESPECÍFICO,  ,1    ,1     ,252832,0,252832,220534.38
2015,06   ,153  ,121031 ,OTROS COMPLEMENTOS,  ,1    ,1     ,16680,0,16680,19965.5
2015,06   ,153  ,121039 ,RETRIBUCIONES COMPLEMENTARIAS SUPLENCIAS,  ,1    ,1     ,3393,0,3393,6149.68
2015,06   ,153  ,13000  ,RETRIBUCIONES BÁSICAS PERSONAL LABORAL FIJO,  ,1    ,1     ,564035,0,564035,562474.71
2015,06   ,153  ,13001  ,HORAS EXTRAORDINARIAS PERSONAL LABORAL FIJO,  ,1    ,1     ,5382,0,5382,14561.88
2015,06   ,153  ,13002  ,OTRAS REMUNERACIONES PERSONAL LABORAL FIJO,  ,1    ,1     ,18391,0,18391,19909.27
2015,06   ,153  ,151    ,GRATIFICACIÓN SERVICIOS FUNCIONARIOS,  ,1    ,1     ,7010,0,7010,8188.36
2015,06   ,153  ,16000  ,CUOTAS SEGURIDAD SOCIAL,  ,1    ,1     ,391925,0,391925,336643.08
2015,06   ,153  ,214    ,REPARACIÓN VEHÍCULOS,06,15   ,21    ,60000,0,60000,42580.53
2015,06   ,153  ,221031 ,COMBUSTIBLE VEHÍCULOS,06,15   ,22    ,76552,0,76552,50187.75
2015,06   ,153  ,22104  ,VESTUARIO BRIGADA,06,15   ,22    ,65000,0,65000,45715.16
2015,06   ,153  ,22199  ,"BRIGADA, MATERIAL TÉCNICO",06,15   ,22    ,23040,0,23040,29422.86
2015,06   ,153  ,224    ,SEGUROS VEHÍCULOS,06,15   ,22    ,13100,0,13100,10669.04
2015,06   ,1531 ,13000  ,RETRIBUCIONES BÁSICAS PERSONAL LABORAL FIJO,  ,1    ,1     ,46237,0,46237,50992.17
2015,06   ,1531 ,13001  ,HORAS EXTRAORDINARIAS PERSONAL LABORAL FIJO,  ,1    ,1     ,1894,0,1894,1648.6
2015,06   ,1531 ,13002  ,OTRAS REMUNERACIONES PERSONAL LABORAL FIJO,  ,1    ,1     ,3683,0,3683,3662.66
2015,06   ,1531 ,16000  ,CUOTAS SEGURIDAD SOCIAL,  ,1    ,1     ,20504,0,20504,21739.7
2015,06   ,1532 ,12004  ,SUELDOS DEL GRUPO C2,  ,1    ,1     ,75407,0,75407,67026.15
2015,06   ,1532 ,12005  ,SUELDOS DEL GRUPO E,  ,1    ,1     ,23036,0,23036,14714.7
2015,06   ,1532 ,12006  ,TRIENIOS,  ,1    ,1     ,14871,0,14871,10090.58
2015,06   ,1532 ,120099 ,RETRIBUCIONES BÁSICAS SUPLENCIAS,  ,1    ,1     ,96,0,96,0
2015,06   ,1532 ,12100  ,COMPLEMENTO DE DESTINO,  ,1    ,1     ,41335,0,41335,34241.79
2015,06   ,1532 ,12101  ,COMPLEMENTO ESPECÍFICO,  ,1    ,1     ,126188,0,126188,134165.19
2015,06   ,1532 ,121031 ,OTROS COMPLEMENTOS,  ,1    ,1     ,24890,0,24890,19074.35
2015,06   ,1532 ,121039 ,RETRIBUCIONES COMPLEMENTARIAS SUPLENCIAS,  ,1    ,1     ,148,0,148,0
2015,06   ,1532 ,13000  ,RETRIBUCIONES BÁSICAS PERSONAL LABORAL FIJO,  ,1    ,1     ,219023,0,219023,195657.87
2015,06   ,1532 ,13001  ,HORAS EXTRAORDINARIAS PERSONAL LABORAL FIJO,  ,1    ,1     ,7736,0,7736,1747.39
2015,06   ,1532 ,13002  ,OTRAS REMUNERACIONES PERSONAL LABORAL FIJO,  ,1    ,1     ,13430,0,13430,11902.7
2015,06   ,1532 ,131    ,RETRIBUCIONES PERSONAL LABORAL TEMPORAL,  ,1    ,1     ,24730,0,24730,0
2015,06   ,1532 ,13199  ,RETRIBUCIONES PERSONAL LABORAL TEMPORAL-SUPLENCIAS,  ,1    ,1     ,965,0,965,2612.57
2015,06   ,1532 ,151    ,GRATIFICACIÓN SERVICIOS FUNCIONARIOS,  ,1    ,1     ,397,0,397,2225.12
2015,06   ,1532 ,16000  ,CUOTAS SEGURIDAD SOCIAL,  ,1    ,1     ,200503,0,200503,152960.89
2015,06   ,1532 ,210    ,VIAS PÚBLICAS CONSERV-REPARACIÓN,06,15   ,21    ,500000,40000,540000,433430.29
2015,06   ,1532 ,213    ,"BRIGADA, CONSERV-REP MÁQUINAS-INSTAL",06,15   ,21    ,5850,0,5850,13423.33
2015,06   ,1532 ,2191   ,SUBM. MOBILIARIO URBANO,06,15   ,21    ,100000,0,100000,111698.88
2015,06   ,1532 ,22101  ,"CONSUMO AGUA VIAS PÚBLICAS, PARQUES, ETC",06,15   ,22    ,136448,0,136448,140078.66
2015,06   ,1532 ,223    ,GASTOS TRANSPORTES,06,15   ,22    ,6000,0,6000,0
2015,06   ,1532 ,22699  ,CONSERV Y MANT V PÚBLICA GASTOS DIVERSOS,06,15   ,22    ,6926,0,6926,1942.44
2015,06   ,160  ,22700  ,"ALCANTARILLADO, CONT PREST SERVICIOS",06,16   ,22    ,651000,0,651000,583416.55
2015,06   ,1621 ,22700  ,"RECOGIDA, ELIMINACIÓN Y TRATAMIENTO DE RESIDUOS",06,16   ,22    ,3074099,-40000,3034099,2989719.73
2015,06   ,163  ,22700  ,LIMPIEZA VIARIA,06,16   ,22    ,4922024,0,4922024,4910895.25
2015,06   ,165  ,22100  ,CONSUMO ELÉCTRICO ALUMBRADO PÚBLICO,06,16   ,22    ,627000,0,627000,631966.14
2015,06   ,165  ,22199  ,"ALUMBRADO PÚBLICO, MATERIAL TÉCNICO",06,16   ,22    ,50000,0,50000,59676.81
2015,06   ,165  ,22799  ,"ALUMBRADO PÚBLICO, PREST SERVICIOS",06,16   ,22    ,491073,0,491073,521631.27
2015,06   ,171  ,13000  ,RETRIBUCIONES BÁSICAS PERSONAL LABORAL FIJO,  ,1    ,1     ,19721,0,19721,19893.99
2015,06   ,171  ,13001  ,HORAS EXTRAORDINARIAS PERSONAL LABORAL FIJO,  ,1    ,1     ,1418,0,1418,748.92
2015,06   ,171  ,13002  ,OTRAS REMUNERACIONES PERSONAL LABORAL FIJO,  ,1    ,1     ,1706,0,1706,1727.13
2015,06   ,171  ,151    ,GRATIFICACIÓN SERVICIOS FUNCIONARIOS,  ,1    ,1     ,1964,0,1964,0
2015,06   ,171  ,16000  ,CUOTAS SEGURIDAD SOCIAL,  ,1    ,1     ,7842,0,7842,9974.55
2015,06   ,171  ,210    ,CONSERV-MANTENIMIENTO PARQUES Y JARDINES,06,17   ,21    ,1141051,0,1141051,1113792.99
2015,06   ,912  ,10000  ,RETRIBUCIONES BÁSICAS ÓRGANOS DE GOBIERNO,  ,9    ,1     ,55400,0,55400,56592.67
2015,06   ,912  ,16000  ,CUOTAS SEGURIDAD SOCIAL,  ,9    ,1     ,14085,0,14085,13923.55
2015,06   ,920  ,212    ,EDIFICIOS-INSTL MPALS CONSERV-REPARACIÓN,06,92   ,21    ,514064,0,514064,419727.76
2015,06   ,920  ,22100  ,ELECTRICIDAD EDIFICIOS MPALS,06,92   ,22    ,313102,0,313102,313837.29
2015,06   ,920  ,22101  ,CONSUMO AGUA EDIFICIOS MPALS,06,92   ,22    ,18062,0,18062,24779.19
2015,06   ,920  ,22102  ,"CONSUMO GAS, EDIFICIOS MUNICIPALES",06,92   ,22    ,19724,0,19724,18224.8
2015,06   ,920  ,22700  ,LIMPIEZA EDIFICIOS MUNICIPALES,06,92   ,22    ,542680,0,542680,542680.56
2015,06   ,920  ,22799  ,CONTR PREST SERVICIOS INFRAES VARIAS,06,92   ,22    ,149000,0,149000,123914.24
2015,07   ,011  ,31000  ,INTERÉSES PRÉSTAMOS LARGO PLAZO,07,011  ,31000 ,313272,-42000,271272,184446.4
2015,07   ,011  ,31001  ,INTERÉSES ENDEUDAMIENTO CORTO PLAZO,07,01   ,31    ,1000,0,1000,0
2015,07   ,011  ,311    ,COMISIONES-GASTOS OP. CRÉDITO,07,01   ,31    ,1000,0,1000,76.03
2015,07   ,011  ,359    ,OTROS GASTOS FINANCIEROS,07,01   ,35    ,10000,0,10000,7998.64
2015,07   ,011  ,913    ,AMORT. PRÉSTAMOS ENTIDADES FINANCIERAS,07,011  ,913   ,4917372,4114663.99,9032035.99,8821859.4
2015,07   ,161  ,467    ,TRANSF CONGIAC,07,161  ,467   ,1,10756.69,10757.69,10756.69
2015,07   ,221  ,16205  ,SEGURO VIDA Y ACCIDENTES,  ,2    ,1     ,45000,0,45000,48018.1
2015,07   ,221  ,164    ,AYUDA FAMILIAR,  ,2    ,1     ,15100,0,15100,15547.91
2015,07   ,912  ,10000  ,RETRIBUCIONES BÁSICAS ÓRGANOS DE GOBIERNO,  ,9    ,1     ,88200,0,88200,92305.43
2015,07   ,912  ,10001  ,OTRAS REMUNERACIONES ORG. GOBIERNO,  ,9    ,1     ,76800,0,76800,123141.55
2015,07   ,912  ,16000  ,CUOTAS SEGURIDAD SOCIAL,  ,9    ,1     ,24762,0,24762,26232.58
2015,07   ,912  ,466    ,TRANSF FMC,07,912  ,466   ,13000,0,13000,12456.09
2015,07   ,912  ,489    ,TRANSF CORRIENTES GRUPOS MUNICIPALES,07,91   ,48    ,175824,0,175824,166014.32
2015,07   ,920  ,11000  ,RETRIBUCIONES BÁSICAS PERSONAL EVENTUAL,  ,9    ,1     ,28929,0,28929,24235.67
2015,07   ,920  ,11001  ,RETRIBUCIONES COMPLEMENTARIAS PERSONAL EVENTUAL,  ,9    ,1     ,41720,0,41720,48010.38
2015,07   ,920  ,12003  ,SUELDOS DEL GRUPO C1,  ,9    ,1     ,9885,0,9885,2946.32
2015,07   ,920  ,12004  ,SUELDOS DEL GRUPO C2,  ,9    ,1     ,8379,0,8379,8378.58
