#ejercicio,Org.,Prog.,Econ.,Denominación (cast.),Vinc. Org.,Vinc. Fun.,Vinc. Eco.,Créditos Iniciales,Modificaciones de Crédito,Créditos Definitivos,Obligaciones Reconocidas
2018,31   ,3423 ,22100  ,ELECTRICIDAD CEM ESTRUCH,31,34  ,22    ,100000,0,100000,90069.38
2018,31   ,3423 ,22102  ,CONSUMO GAS CEM ESTRUCH,31,34  ,22    ,100000,0,100000,100000
2018,31   ,3423 ,22700  ,LIMPIEZA CEM ESTRUCH,31,34  ,22    ,505420,0,505420,526871.48
2018,31   ,3424 ,22100  ,ELECTRICIDAD CEM JULIO MÉNDEZ,31,34  ,22    ,26000,0,26000,25434.53
2018,31   ,3424 ,22102  ,CONSUMO GAS CEM JULIO MÉNDEZ,31,34  ,22    ,13000,0,13000,11342.35
2018,31   ,3424 ,227991 ,CONSERV Y GEST CEM JULIO MÉNDEZ,31,34  ,22    ,450120,0,450120,430117.2
2018,31   ,3425 ,22100  ,ELECTRICIDAD CEM FONDO D'EN PEIXO,31,34  ,22    ,48000,0,48000,47945.77
2018,31   ,3425 ,22102  ,CONSUMO GAS CEM FONDO D'EN PEIXO,31,34  ,22    ,30000,0,30000,28232.21
2018,31   ,3425 ,227991 ,CONTR PREST SERVICIOS FONDO D'EN PEIXO,31,34  ,22    ,750000,0,750000,714983.58
2018,31   ,912  ,10000  ,RETRIBUCIONES BÁSICAS ÓRGANOS DE GOBIERNO,,9   ,1     ,56514,0,56514,57490.17
2018,31   ,912  ,16000  ,CUOTAS SEGURIDAD SOCIAL,,9   ,1     ,14652,0,14652,14734.16
2018,32   ,311  ,212    ,EDIF. SANIDAD-CONSERV Y REP.,32,31  ,21    ,12705,0,12705,8423.38
2018,32   ,311  ,22100  ,ELECTRICIDAD EDIFICIO SALUD PÚBLICA,32,31  ,22    ,14000,0,14000,13596.97
2018,32   ,311  ,22602  ,PUBLICIDAD Y DIFUSIÓN,32,31  ,22    ,10000,0,10000,22001.27
2018,32   ,311  ,226991 ,GASTOS DIVERSOS,32,31  ,22    ,1000,0,1000,169.2
2018,32   ,311  ,226992 ,PROGRAMA DE CARDIOPROTECCIÓN,32,31  ,22    ,10000,0,10000,0
2018,32   ,311  ,22700  ,LIMPIEZA EDIFICIO SALUD PÚBLICA,32,31  ,22    ,50237,0,50237,53833.9
2018,32   ,311  ,22706  ,ESTUDIOS Y TRABAJOS TÉCNICOS,32,31  ,22    ,1000,0,1000,15359.99
2018,32   ,311  ,227991 ,PREST SERVICIOS SALVAMENTO PLAYA,32,31  ,22    ,110000,0,110000,109449.94
2018,32   ,311  ,227992 ,PREST SERVICIOS PREVENTIVOS,32,31  ,22    ,39400,0,39400,30495
2018,32   ,3111 ,12000  ,SUELDOS DEL GRUPO A1,,3   ,1     ,14973,0,14973,15024.64
2018,32   ,3111 ,12003  ,SUELDOS DEL GRUPO C1,,3   ,1     ,20168,0,20168,27351.37
2018,32   ,3111 ,12004  ,SUELDOS DEL GRUPO C2,,3   ,1     ,17094,0,17094,17121.05
2018,32   ,3111 ,12006  ,TRIENIOS,,3   ,1     ,14018,0,14018,14279.29
2018,32   ,3111 ,12100  ,COMPLEMENTO DE DESTINO,,3   ,1     ,27033,0,27033,28934.93
2018,32   ,3111 ,12101  ,COMPLEMENTO ESPECÍFICO,,3   ,1     ,58904,0,58904,73230.24
2018,32   ,3111 ,16000  ,CUOTAS SEGURIDAD SOCIAL,,3   ,1     ,39540,0,39540,47236.54
2018,32   ,3112 ,12001  ,SUELDOS DEL GRUPO A2,,3   ,1     ,13166,0,13166,13214.6
2018,32   ,3112 ,12006  ,TRIENIOS,,3   ,1     ,6371,0,6371,6396.22
2018,32   ,3112 ,12100  ,COMPLEMENTO DE DESTINO,,3   ,1     ,5638,0,5638,5661.86
2018,32   ,3112 ,12101  ,COMPLEMENTO ESPECÍFICO,,3   ,1     ,11206,0,11206,11798.23
2018,32   ,3112 ,13000  ,RETRIBUCIONES BÁSICAS PERSONAL LABORAL FIJO,,3   ,1     ,68523,-3259.7,65263.3,68309.96
2018,32   ,3112 ,16000  ,CUOTAS SEGURIDAD SOCIAL,,3   ,1     ,30561,0,30561,31873.79
2018,32   ,3112 ,22106  ,MATERIAL SANITARIO,32,31  ,22    ,1500,0,1500,542.41
2018,32   ,3112 ,226991 ,GTOS. DIVERSOS PROMOCIÓN DE LA SALUD,32,31  ,22    ,10000,0,10000,1034.55
2018,32   ,3112 ,22799  ,PREST SERVICIOS PROMOCIÓN DE LA SALUD,32,31  ,22    ,71250,0,71250,90083.46
2018,32   ,3112 ,227991 ,PROGRAMA SOPORTE ADOLESCENCIA,32,31  ,22    ,40000,0,40000,39120
2018,32   ,3112 ,48902  ,TRANSF CORRIENTES ENTIDADES,32,31  ,48    ,7000,0,7000,7000
2018,32   ,3112 ,48903  ,TRANSF CORRIENTES ASOCIACIÓN FAMILIARES ALZHEIMER,32,3112,48903 ,30000,0,30000,30000
2018,32   ,3112 ,48904  ,TRANSF CORRIENTES ASSOC ESP CONTRA EL CÁNCER,32,3112,48904 ,3800,0,3800,3800
2018,32   ,3112 ,48906  ,CONVENIO CRUZ ROJA,32,31  ,48    ,4800,0,4800,4800
2018,32   ,3113 ,12001  ,SUELDOS DEL GRUPO A2,,3   ,1     ,13166,0,13166,13115.31
2018,32   ,3113 ,12006  ,TRIENIOS,,3   ,1     ,4837,0,4837,4820
2018,32   ,3113 ,12100  ,COMPLEMENTO DE DESTINO,,3   ,1     ,5638,0,5638,5620.98
2018,32   ,3113 ,12101  ,COMPLEMENTO ESPECÍFICO,,3   ,1     ,11206,0,11206,11955.89
2018,32   ,3113 ,13000  ,RETRIBUCIONES BÁSICAS PERSONAL LABORAL FIJO,,3   ,1     ,39720,0,39720,76499.1
2018,32   ,3113 ,16000  ,CUOTAS SEGURIDAD SOCIAL,,3   ,1     ,21533,0,21533,33686.9
2018,32   ,3113 ,22113  ,MATERIAL SANIDAD AMBIENTAL,32,31  ,22    ,5900,0,5900,14677.39
2018,32   ,3113 ,22699  ,CAMPAÑA FOMENTO CHIP ANIMALES DE COMPAÑÍA,32,31  ,22    ,20000,0,20000,0
2018,32   ,3113 ,22799  ,SERVICIOS DIVERSOS SEGURIDAD ALIMENTARIA,32,31  ,22    ,18000,0,18000,18000
2018,32   ,3113 ,227991 ,PREST SERV CONTROL SANITARIO ANIMAL,32,31  ,22    ,60000,0,60000,60421.42
2018,32   ,3113 ,227992 ,TRABAJOS TÉCNICOS ANÁLISIS AGUA Y ALIMENTOS,32,31  ,22    ,57000,0,57000,55430.15
2018,32   ,3113 ,227993 ,"CONTRATO DDD (DESRATIZACIÓN, DESINFECCIÓN, ...)",32,31  ,22    ,52100,0,52100,55668.29
2018,32   ,3113 ,227994 ,GESTIÓN COLONIAS CONTROLADAS DE GATOS,32,31  ,22    ,32000,0,32000,32000
2018,32   ,3113 ,227995 ,CONTROL LEGIONELA EDIFICIOS MUNICIPALES,32,31  ,22    ,30000,0,30000,15000
2018,32   ,3113 ,465    ,"TRANSF. CORRIENTES COMARCAS, CONV MOSQUITOS",32,31  ,46    ,20000,0,20000,12176.74
2018,32   ,312  ,226992 ,GASTOS DIVERSOS CURT,32,31  ,22    ,1000,0,1000,114.95
2018,32   ,312  ,22799  ,CONTR PREST SERVICIOS PERS CON VULNERABILIDAD,32,31  ,22    ,180000,0,180000,179370.14
2018,32   ,493  ,12001  ,SUELDOS DEL GRUPO A2,,4   ,1     ,13166,0,13166,12916.72
2018,32   ,493  ,12004  ,SUELDOS DEL GRUPO C2,,4   ,1     ,8547,0,8547,8541.32
2018,32   ,493  ,12006  ,TRIENIOS,,4   ,1     ,6169,0,6169,6073.07
2018,32   ,493  ,12100  ,COMPLEMENTO DE DESTINO,,4   ,1     ,9353,0,9353,9251.14
2018,32   ,493  ,12101  ,COMPLEMENTO ESPECÍFICO,,4   ,1     ,20359,0,20359,21942.24
2018,32   ,493  ,16000  ,CUOTAS SEGURIDAD SOCIAL,,4   ,1     ,15976,0,15976,16690.72
2018,32   ,493  ,22699  ,CONSUMO-GASTO V.AULA CONSUMIDOR Y ED.ESC,32,49  ,22    ,4000,0,4000,3442
2018,32   ,912  ,10000  ,RETRIBUCIONES BÁSICAS ÓRGANOS DE GOBIERNO,,9   ,1     ,36724,0,36724,37391.83
2018,32   ,912  ,16000  ,CUOTAS SEGURIDAD SOCIAL,,9   ,1     ,11953,0,11953,12169.61
2018,41   ,326  ,227998 ,ESCUELA MUNICIPAL DE MÚSICA,41,32  ,22    ,450000,0,450000,449666.68
2018,41   ,330  ,226022 ,COMUNICACIÓN - OFERTA FORMATIVA,41,33  ,22    ,35000,0,35000,35142.52
2018,41   ,330  ,226991 ,GASTOS DIVERSOS ACTIVIDADES CULTURALES,41,33  ,22    ,10000,0,10000,1966.22
2018,41   ,330  ,22799  ,ESTUDIOS Y ASESORAMIENTOS,41,33  ,22    ,5000,20000,25000,35024.66
2018,41   ,330  ,227991 ,COMUNICACIÓN PROJ. EDUCACIÓN-CULTURA-COMUNICACIÓN (EC,41,33  ,22    ,20000,0,20000,13949.54
2018,41   ,330  ,467    ,CONSORCIO NORMALIZACIÓN LINGÜÍSTICA,41,330 ,467   ,101357,0,101357,92850.6
2018,41   ,3300 ,11000  ,RETRIBUCIONES BÁSICAS PERSONAL EVENTUAL,,3   ,1     ,21884,0,21884,22225.15
2018,41   ,3300 ,11001  ,RETRIBUCIONES COMPLEMENTARIAS PERSONAL EVENTUAL,,3   ,1     ,50518,0,50518,51401.11
2018,41   ,3300 ,12000  ,SUELDOS DEL GRUPO A2,,3   ,1     ,14973,0,14973,15216.03
2018,41   ,3300 ,12001  ,SUELDOS DEL GRUPO A2,,3   ,1     ,39498,0,39498,34393.63
2018,41   ,3300 ,12003  ,SUELDOS DEL GRUPO C1,,3   ,1     ,20168,0,20168,19153.43
2018,41   ,3300 ,12006  ,TRIENIOS,,3   ,1     ,14492,0,14492,13174.83
2018,41   ,3300 ,12100  ,COMPLEMENTO DE DESTINO,,3   ,1     ,35876,0,35876,33284.79
2018,41   ,3300 ,12101  ,COMPLEMENTO ESPECÍFICO,,3   ,1     ,76861,0,76861,76853.66
2018,41   ,3300 ,151    ,GRATIFICACIÓN SERVICIOS FUNCIONARIOS,,3   ,1     ,242,0,242,188.97
2018,41   ,3300 ,16000  ,CUOTAS SEGURIDAD SOCIAL,,3   ,1     ,64506,0,64506,61884.46
2018,41   ,3301 ,12000  ,SUELDOS DEL GRUPO A1,,3   ,1     ,14973,0,14973,15177.76
2018,41   ,3301 ,12003  ,SUELDOS DEL GRUPO C1,,3   ,1     ,10084,0,10084,10247.69
2018,41   ,3301 ,12004  ,SUELDOS DEL GRUPO C2,,3   ,1     ,8547,0,8547,8680.26
2018,21   ,134  ,609    ,INVERSIÓN NUEVAS INFRAESTRUAS Y BIENES USO GENERAL,21,134 ,609   ,0,159500,159500,24745.59
2018,21   ,134  ,619    ,INV MEJORA INFRAESTRUCTURAS Y BIENES USO GRAL,21,134 ,619   ,0,70000,70000,0
2018,21   ,170  ,635    ,MEJORA EQUIPAMIENTOS Y SERVICIOS,21,170 ,635   ,0,85000,85000,14048.1
2018,21   ,231  ,632    ,MEJORA EQUIPAMIENTOS SERVICIOS SOCIALES,21,231 ,632   ,0,300000,300000,0
2018,21   ,333  ,632    ,MEJORA EQUIPAMIENTOS CULTURALES,21,333 ,632   ,0,398500,398500,36398.2
2018,41   ,334  ,48922  ,TRANSF CORRIENTE CASA DE SEVILLA,41,334 ,48922 ,0,6000,6000,6000
2018,51   ,433  ,48908  ,"TRANSF CORRIENTE ""ASSOCIACIÓ INNOBAIX""",51,433 ,48908 ,0,9000,9000,9000
2018,62   ,231  ,632    ,MEJORA EQUIPAMIENTOS SERVICIOS SOCIALES,62,231 ,632   ,0,70000,70000,46267.01
2018,21   ,333  ,635    ,INVERSIÓN MEJORA EQUIPAMIENTOS Y SERVICIOS,21,333 ,635   ,0,800000,800000,34552
2018,44   ,2311 ,46502  ,TRANSF CORRIENT CONSELL COMARCAL CONVENIO EAPG,44,2311,46502 ,0,3000,3000,3000
2018,41   ,334  ,780    ,TRANSF CAPITAL CENTRO EXTREMEÑO RUTA PLATA,41,334 ,780   ,0,15000,15000,15000
2018,62   ,1531 ,619    ,MEJORA INFRANESTRUCTURAS Y BIENES USO GRAL,62,153 ,619   ,0,200000,200000,0
2018,62   ,2312 ,629    ,OTRAS INVERSIONES EQUIPAMIENTOS Y SERVICIOS,62,2312,629   ,0,310000,310000,0
2018,21   ,160  ,619    ,MEJORA INFRAESTRUCTURAS Y BIENES USO GRAL,21,160 ,619   ,0,172000,172000,169689.34
2018,21   ,342  ,639    ,MEJORA INSTALACIONES EQUIPAMIENTOS DEPORTIVOS,21,342 ,639   ,0,610913.5,610913.5,8962.05
2018,21   ,920  ,632    ,MEJORA EQUIPAMIENTOS Y SERVICIOS,21,920 ,632   ,0,450000,450000,0
2018,21   ,920  ,639    ,MEJORA INSTALACIONES EQUIPAMIENTOS,21,920 ,639   ,0,385000,385000,80227.07
2018,21   ,1532 ,619    ,MEJORA INFRANESTRUCTURAS Y BIENES USO GRAL,21,153 ,619   ,0,1025000,1025000,97410.66
2018,31   ,3411 ,781    ,TRANSF CAPITAL CLUB PETANCA SANT COSME PRAT,31,3411,781   ,0,6000,6000,0
2018,13.  ,432  ,22602  ,PUBLICIDAD Y COMUNICACIÓN TURISMO,13,43  ,22    ,36100,0,36100,17908.22
2018,13.  ,432  ,22799  ,CONTR PREST SERV OFICINA PUERTA DEL DELTA,13,43  ,22    ,93144,0,93144,91391.31
2018,13.  ,432  ,227991 ,CONTRATOS PRESTACIÓN SERVICIOS TURISMO,13,43  ,22    ,50000,3017,53017,69381.25
2018,13.  ,432  ,465    ,TRANSF CORRIENTE TURISMO CONSORCIOS,13,43  ,46    ,17500,11983,29483,29483
2018,13.  ,432  ,489    ,"TRANSF CORRIENTE ""ASSOCIACIÓ GASTRONOMIA Y TURISMO""",13,432 ,489   ,57500,0,57500,57500
2018,13.  ,440  ,12001  ,SUELDOS DEL GRUPO A2,,4   ,1     ,13166,0,13166,13380.09
2018,13.  ,440  ,12006  ,TRIENIOS,,4   ,1     ,2401,0,2401,2440.92
2018,13.  ,440  ,12100  ,COMPLEMENTO DE DESTINO,,4   ,1     ,6280,0,6280,6381.83
2018,13.  ,440  ,12101  ,COMPLEMENTO ESPECÍFICO,,4   ,1     ,19085,0,19085,19491.43
2018,13.  ,440  ,16000  ,CUOTAS SEGURIDAD SOCIAL,,4   ,1     ,10581,0,10581,10975.39
2018,13.  ,912  ,10000  ,RETRIBUCIONES BÁSICAS ÓRGANOS DE GOBIERNO,,9   ,1     ,56514,0,56514,59767.07
2018,13.  ,912  ,16000  ,CUOTAS SEGURIDAD SOCIAL,,9   ,1     ,14652,0,14652,15426.07
2018,21   ,150  ,11000  ,RETRIBUCIONES BÁSICAS PERSONAL EVENTUAL,,1   ,1     ,20759,0,20759,21082.12
2018,21   ,150  ,11001  ,RETRIBUCIONES COMPLEMENTARIAS PERSONAL EVENTUAL,,1   ,1     ,53358,0,53358,54287.83
2018,21   ,150  ,12000  ,SUELDOS DEL GRUPO A1,,1   ,1     ,119781,0,119781,111910.32
2018,21   ,150  ,12003  ,SUELDOS DEL GRUPO C1,,1   ,1     ,40335,0,40335,29965.67
2018,21   ,150  ,12004  ,SUELDOS DEL GRUPO C2,,1   ,1     ,68377,0,68377,66644.7
2018,21   ,150  ,12006  ,TRIENIOS,,1   ,1     ,41888,0,41888,37019.16
2018,21   ,150  ,12100  ,COMPLEMENTO DE DESTINO,,1   ,1     ,108448,0,108448,98878.6
2018,21   ,150  ,12101  ,COMPLEMENTO ESPECÍFICO,,1   ,1     ,274456,0,274456,272783.91
2018,21   ,150  ,151    ,GRATIFICACIÓN SERVICIOS FUNCIONARIOS,,1   ,1     ,118,0,118,510.4
2018,21   ,150  ,16000  ,CUOTAS SEGURIDAD SOCIAL,,1   ,1     ,186498,0,186498,175020.92
2018,21   ,150  ,22699  ,GASTOS DIVERSOS,21,15  ,22    ,15000,0,15000,16052.1
2018,21   ,150  ,22706  ,ESTUDIOS Y TRABAJOS TÉCNICOS,21,15  ,22    ,130000,70000,200000,65229.48
2018,21   ,150  ,489    ,CUOTAS-APORTACIONES DIVERSAS,21,15  ,48    ,8000,0,8000,7841.37
2018,21   ,150  ,609    ,INV NUEVA EN INSTALACIONES,21,150 ,609   ,100000,4327.92,104327.92,0
2018,21   ,150  ,639    ,INV DE MEJORA EN INSTALACIONES,21,150 ,639   ,300000,621360,921360,611675.07
2018,21   ,150  ,640    ,"REDACCIÓN DE PROYECTOS, ESTUDIOS, DIRECCIONES OBRAS",21,150 ,640   ,136125,1150000,1286125,599688.26
2018,21   ,1511 ,12000  ,SUELDOS DEL GRUPO A1,,1   ,1     ,14973,0,14973,15166.95
2018,21   ,1511 ,12001  ,SUELDOS DEL GRUPO A2,,1   ,1     ,13166,0,13166,11754.28
2018,21   ,1511 ,12006  ,TRIENIOS,,1   ,1     ,4888,0,4888,4780.29
2018,21   ,1511 ,12100  ,COMPLEMENTO DE DESTINO,,1   ,1     ,16650,0,16650,15906.49
2018,21   ,1511 ,12101  ,COMPLEMENTO ESPECÍFICO,,1   ,1     ,53864,0,53864,57769.17
2018,21   ,1511 ,16000  ,CUOTAS SEGURIDAD SOCIAL,,1   ,1     ,25748,0,25748,22568.23
2018,21   ,1512 ,12000  ,SUELDOS DEL GRUPO A1,,1   ,1     ,89835,0,89835,125248.22
2018,21   ,1512 ,12001  ,SUELDOS DEL GRUPO A2,,1   ,1     ,92162,0,92162,89713.58
2018,21   ,1512 ,12003  ,SUELDOS DEL GRUPO C1,,1   ,1     ,20168,0,20168,19905.84
2018,21   ,1512 ,12006  ,TRIENIOS,,1   ,1     ,45278,0,45278,45212.28
2018,21   ,1512 ,12100  ,COMPLEMENTO DE DESTINO,,1   ,1     ,102218,0,102218,115708.3
2018,21   ,1512 ,12101  ,COMPLEMENTO ESPECÍFICO,,1   ,1     ,289866,-2107.45,287758.55,341625.21
2018,21   ,1512 ,13000  ,RETRIBUCIONES BÁSICAS PERSONAL LABORAL FIJO,,1   ,1     ,28206,0,28206,28743.21
2018,21   ,1512 ,16000  ,CUOTAS SEGURIDAD SOCIAL,,1   ,1     ,178086,0,178086,211361.72
2018,21   ,1513 ,12000  ,SUELDOS DEL GRUPO A1,,1   ,1     ,14973,0,14973,8032.44
2018,21   ,1513 ,12001  ,SUELDOS DEL GRUPO A2,,1   ,1     ,26332,0,26332,26760.18
2018,21   ,1513 ,12003  ,SUELDOS DEL GRUPO C1,,1   ,1     ,40335,0,40335,39560.78
2018,21   ,1513 ,12004  ,SUELDOS DEL GRUPO C2,,1   ,1     ,34189,0,34189,34622.82
2018,21   ,1513 ,12006  ,TRIENIOS,,1   ,1     ,32876,0,32876,28673.17
2018,21   ,1513 ,12100  ,COMPLEMENTO DE DESTINO,,1   ,1     ,57658,0,57658,52513.34
2018,21   ,1513 ,12101  ,COMPLEMENTO ESPECÍFICO,,1   ,1     ,130799,0,130799,123993.75
2018,21   ,1513 ,13000  ,RETRIBUCIONES BÁSICAS PERSONAL LABORAL FIJO,,1   ,1     ,37337,0,37337,38041.44
2018,21   ,1513 ,151    ,GRATIFICACIÓN SERVICIOS FUNCIONARIOS,,1   ,1     ,328,0,328,250.07
2018,21   ,1513 ,16000  ,CUOTAS SEGURIDAD SOCIAL,,1   ,1     ,97209,0,97209,95385.43
2018,21   ,1521 ,467    ,APORT. CONSORCIO PRAT NORD,21,1521,467   ,23100,0,23100,22950
2018,21   ,1521 ,741    ,TRANSF CAPITAL PRAT ESPAIS SL HABITATGE SOCIAL,21,1521,741   ,600000,0,600000,0
2018,21   ,1531 ,609    ,INV NUEVA INFRAESTRUCTURA Y BIENES USO GRAL,21,1531,609   ,100000,8385095.84,8485095.84,1612729.7
2018,21   ,1531 ,619    ,INV MEJORA INFRAESTRUCTURA Y BIENES USO GRAL,21,1531,619   ,250000,3361536.72,3611536.72,622107.51
2018,21   ,170  ,12000  ,SUELDOS DEL GRUPO A1,,1   ,1     ,14973,0,14973,15101.2
2018,21   ,170  ,12003  ,SUELDOS DEL GRUPO C1,,1   ,1     ,10084,0,10084,10247.69
2018,21   ,170  ,12004  ,SUELDOS DEL GRUPO C2,,1   ,1     ,17094,0,17094,8686.1
2018,21   ,170  ,12006  ,TRIENIOS,,1   ,1     ,9723,0,9723,9857.63
2018,21   ,170  ,12100  ,COMPLEMENTO DE DESTINO,,1   ,1     ,18707,0,18707,16684.59
2018,21   ,170  ,12101  ,COMPLEMENTO ESPECÍFICO,,1   ,1     ,40289,0,40289,36282.98
2018,21   ,170  ,13000  ,RETRIBUCIONES BÁSICAS PERSONAL LABORAL FIJO,,1   ,1     ,122352,0,122352,124546.84
2018,21   ,170  ,13001  ,HORAS EXTRAORDINARIAS PERSONAL LABORAL FIJO,,1   ,1     ,435,0,435,394.6
2018,21   ,170  ,151    ,GRATIFICACIÓN SERVICIOS FUNCIONARIOS,,1   ,1     ,148,0,148,0
2018,21   ,170  ,16000  ,CUOTAS SEGURIDAD SOCIAL,,1   ,1     ,67208,0,67208,64585.78
2018,21   ,170  ,22602  ,GASTOS DIFUSIÓN AMBIENTAL,21,17  ,22    ,23000,0,23000,17436.16
2018,21   ,170  ,22699  ,GASTOS DIVERSOS CALIDAD AMBIENTAL,21,17  ,22    ,810,0,810,798.78
2018,21   ,170  ,227992 ,CONTR PREST SERVICIOS EDUCACIÓN AMBIENTAL,21,17  ,22    ,144630,0,144630,153057.45
2018,21   ,170  ,227993 ,ESTUDIOS Y TRABAJOS TÉCNICOS,21,17  ,22    ,21100,0,21100,5469.2
2018,21   ,170  ,489    ,TRANSF CORRIENTES EDUC PROM AMBIENTAL,21,17  ,48    ,20700,0,20700,19878.76
2018,21   ,170  ,48901  ,CUOTAS-APORTACIONES DIVERSAS,21,17  ,48    ,2265,0,2265,1860
2018,21   ,170  ,48902  ,SUBVENCIONES AHORRO ENERGÉTICO,21,17  ,48    ,7825,0,7825,0
2018,21   ,1721 ,12000  ,SUELDOS DEL GRUPO A1,,1   ,1     ,14973,0,14973,15205.23
2018,21   ,1721 ,12006  ,TRIENIOS,,1   ,1     ,4072,0,4072,4135.69
2018,21   ,1721 ,12100  ,COMPLEMENTO DE DESTINO,,1   ,1     ,7281,0,7281,7394.81
2018,21   ,1721 ,12101  ,COMPLEMENTO ESPECÍFICO,,1   ,1     ,12242,0,12242,12529.36
2018,21   ,1721 ,13000  ,RETRIBUCIONES BÁSICAS PERSONAL LABORAL FIJO,,1   ,1     ,26928,0,26928,27446
2018,21   ,1721 ,13002  ,OTRAS REMUNERACIONES PERSONAL LABORAL FIJO,,1   ,1     ,660,0,660,660.33
2018,21   ,1721 ,16000  ,CUOTAS SEGURIDAD SOCIAL,,1   ,1     ,22196,0,22196,23131.98
2018,21   ,1721 ,22199  ,GESTIÓN-ESPACIOS NATURALES,21,17  ,22    ,23400,0,23400,32919.71
2018,21   ,1721 ,227991 ,PREST SERVICIOS -ESPACIOS NATURALES-PLAYA,21,17  ,22    ,88664,0,88664,70264.71
2018,21   ,1721 ,227992 ,PREST SERVICIOS INSPECCIONES INDUSTRIALES,21,17  ,22    ,14100,0,14100,0
2018,21   ,1722 ,467    ,APORT CONSORCIO ESPACIOS NATURALES DEL DELTA,21,1722,467   ,60000,0,60000,60000
2018,21   ,333  ,622    ,INVERSIÓN NUEVA EN EQUIPAMIENTOS Y SERVICIOS,21,333 ,622   ,7783466,4320266,12103732,7583006.82
2018,21   ,4411 ,22602  ,PUBLICIDAD-DIFUSIÓN TRANSPORTE,21,44  ,22    ,10000,0,10000,0
2018,21   ,4411 ,22701  ,PRESTACIÓN DE SERVICIOS MOBILIDAD,21,44  ,22    ,17000,0,17000,6252.69
2018,21   ,4411 ,464    ,TRANSF TRANSPORTE URBANO,21,44  ,46    ,339000,0,339000,321666.72
2018,21   ,4411 ,489    ,CUOTA-APORTACIONES DIVERSAS,21,44  ,48    ,5500,0,5500,1916.91
2018,21   ,912  ,10000  ,RETRIBUCIONES BÁSICAS ÓRGANOS DE GOBIERNO,,9   ,1     ,56514,0,56514,57490.17
2018,21   ,912  ,16000  ,CUOTAS SEGURIDAD SOCIAL,,9   ,1     ,14652,0,14652,14734.16
2018,21   ,933  ,632    ,INV MEJORA EQUIPAMIENTOS Y SERVICIOS,21,933 ,632   ,100000,3432565.27,3532565.27,864986.74
2018,31   ,3400 ,11000  ,RETRIBUCIONES BÁSICAS PERSONAL EVENTUAL,,3   ,1     ,14973,0,14973,15205.23
2018,31   ,3400 ,11001  ,RETRIBUCIONES COMPLEMENTARIAS PERSONAL EVENTUAL,,3   ,1     ,50518,0,50518,51401.11
2018,31   ,3400 ,12004  ,SUELDOS DEL GRUPO C2,,3   ,1     ,8547,0,8547,7725.13
2018,31   ,3400 ,12006  ,TRIENIOS,,3   ,1     ,1022,0,1022,923.84
2018,31   ,3400 ,12100  ,COMPLEMENTO DE DESTINO,,3   ,1     ,4356,0,4356,3937.26
2018,31   ,3400 ,12101  ,COMPLEMENTO ESPECÍFICO,,3   ,1     ,9896,0,9896,9214.93
2018,31   ,3400 ,16000  ,CUOTAS SEGURIDAD SOCIAL,,3   ,1     ,20655,0,20655,20488.02
2018,31   ,3400 ,22699  ,GASTOS DIVERSOS DIRECCIÓN DE ÁREA,31,34  ,22    ,2000,0,2000,112.24
2018,31   ,3400 ,22799  ,"MUESTRA DE ENTIDADES, FORMACIÓN ENTIDADES, ETC.",31,34  ,22    ,35000,0,35000,10696
2018,31   ,3401 ,12000  ,SUELDOS DEL GRUPO A1,,3   ,1     ,14973,0,14973,14909.81
2018,31   ,3401 ,12003  ,SUELDOS DEL GRUPO C1,,3   ,1     ,20168,0,20168,20495.38
2018,31   ,3401 ,12004  ,SUELDOS DEL GRUPO C2,,3   ,1     ,8547,0,8547,8686.1
2018,31   ,3401 ,12006  ,TRIENIOS,,3   ,1     ,9228,0,9228,9333.78
2018,31   ,3401 ,12100  ,COMPLEMENTO DE DESTINO,,3   ,1     ,22034,0,22034,22231.91
2018,31   ,3401 ,12101  ,COMPLEMENTO ESPECÍFICO,,3   ,1     ,49752,0,49752,51460.86
2018,31   ,3401 ,151    ,GRATIFICACIÓN SERVICIOS FUNCIONARIOS,,3   ,1     ,854,0,854,1861.41
2018,31   ,3401 ,16000  ,CUOTAS SEGURIDAD SOCIAL,,3   ,1     ,39139,0,39139,36072.58
2018,31   ,3401 ,22602  ,PUBLICIDAD-DIFUSIÓN,31,34  ,22    ,8000,0,8000,23924.72
2018,31   ,3401 ,22706  ,ESTUDIOS Y TRABAJOS TÉCNICOS,31,34  ,22    ,16000,0,16000,22167.2
2018,31   ,3411 ,12004  ,SUELDOS DEL GRUPO C2,,3   ,1     ,8547,0,8547,20918.27
2018,31   ,3411 ,12006  ,TRIENIOS,,3   ,1     ,2346,0,2346,2385.58
2018,31   ,3412 ,226096 ,GASTOS FIESTA DE LA BICICLETA,31,34  ,22    ,12000,0,12000,5408.6
2018,31   ,3412 ,227991 ,GASTOS CARRERA POPULAR,31,34  ,22    ,14000,0,14000,4354.45
2018,31   ,3412 ,227993 ,CAMPAÑA NATACIÓN ESCOLAR CON EDUCACIÓN,31,34  ,22    ,16000,0,16000,12320.01
2018,31   ,3412 ,227994 ,PROGRAMA VELA ESCOLAR,31,34  ,22    ,18000,0,18000,11030
2018,31   ,342  ,212    ,MANTENIMIENTO OTRAS INSTALACIONES DEPORTIVAS,31,34  ,21    ,90000,0,90000,82493.18
2018,31   ,342  ,22101  ,CONSUMO AGUA DEPORTES,31,34  ,22    ,115230,0,115230,110308.11
2018,31   ,342  ,22104  ,VESTUARIO PERSONAL DEPORTES,31,34  ,22    ,7500,0,7500,13601.1
2018,31   ,342  ,22199  ,DEPORTES-SUBM. DIVERSOS MATERIAL,31,34  ,22    ,45000,0,45000,35695.63
2018,31   ,342  ,22699  ,GASTOS DIVERSOS DEPORTES,31,34  ,22    ,4000,0,4000,2546.39
2018,31   ,342  ,227991 ,CONTR PREST SERVICIOS DEPORTES,31,34  ,22    ,978000,0,978000,895457.52
2018,31   ,342  ,227993 ,CONTR PREST SERVICIOS CM VELA,31,34  ,22    ,15000,0,15000,31201.7
2018,31   ,342  ,48904  ,"CONVENIO CP PRAT, GESTIÓN PISTA JARDINS RIB",31,342 ,48904 ,7600,0,7600,7600
2018,31   ,3421 ,12000  ,SUELDOS DEL GRUPO A1,,3   ,1     ,14973,0,14973,15216.03
2018,31   ,3421 ,12001  ,SUELDOS DEL GRUPO A2,,3   ,1     ,26332,0,26332,26750.84
2018,31   ,3421 ,12003  ,SUELDOS DEL GRUPO C1,,3   ,1     ,20168,0,20168,20488.75
2018,31   ,3421 ,12004  ,SUELDOS DEL GRUPO C2,,3   ,1     ,8547,0,8547,1231.16
2018,31   ,3421 ,12005  ,SUELDOS DEL GRUPO E,,3   ,1     ,39165,0,39165,39491.95
2018,31   ,3421 ,12006  ,TRIENIOS,,3   ,1     ,21152,0,21152,18931.66
2018,31   ,3421 ,120099 ,RETRIBUCIONES BÁSICAS SUPLENCIAS,,3   ,1     ,9421,0,9421,15199.49
2018,31   ,3421 ,12100  ,COMPLEMENTO DE DESTINO,,3   ,1     ,48741,0,48741,46244.03
2018,31   ,3421 ,12101  ,COMPLEMENTO ESPECÍFICO,,3   ,1     ,128274,0,128274,147654.65
2018,31   ,3421 ,121031 ,OTROS COMPLEMENTOS,,3   ,1     ,6632,0,6632,6297.41
2018,31   ,3421 ,121039 ,RETRIBUCIONES COMPLEMENTARIAS SUPLENCIAS,,3   ,1     ,15521,0,15521,27099.64
2018,31   ,3421 ,13000  ,RETRIBUCIONES BÁSICAS PERSONAL LABORAL FIJO,,3   ,1     ,160677,0,160677,171258.41
2018,31   ,3421 ,13001  ,HORAS EXTRAORDINARIAS PERSONAL LABORAL FIJO,,3   ,1     ,3889,0,3889,3079.03
2018,31   ,3421 ,13002  ,OTRAS REMUNERACIONES PERSONAL LABORAL FIJO,,3   ,1     ,8813,0,8813,7777.33
2018,31   ,3421 ,13199  ,RETRIBUCIONES PERSONAL LABORAL TEMPORAL-SUPLENCIAS,,3   ,1     ,2400,0,2400,7.84
2018,31   ,3421 ,151    ,GRATIFICACIÓN SERVICIOS FUNCIONARIOS,,3   ,1     ,6405,0,6405,8029.67
2018,31   ,3421 ,16000  ,CUOTAS SEGURIDAD SOCIAL,,3   ,1     ,162353,19491.68,181844.68,154832.88
2018,31   ,3421 ,212    ,CEMS CONSERVACIÓN Y REPARACIÓN,31,34  ,21    ,300000,0,300000,192396.75
2018,31   ,3421 ,22100  ,ELECTRICIDAD CEMS,31,34  ,22    ,130000,0,130000,121820.01
2018,31   ,3421 ,22102  ,CONSUMO GAS CEMS,31,34  ,22    ,75000,0,75000,74747.98
2018,31   ,3421 ,22700  ,LIMPIEZA CEMS,31,34  ,22    ,617731,0,617731,623263.88
2018,31   ,3423 ,12001  ,SUELDOS DEL GRUPO A2,,3   ,1     ,26332,0,26332,13370.75
2018,31   ,3423 ,12005  ,SUELDOS DEL GRUPO E,,3   ,1     ,46998,0,46998,48831.2
2018,31   ,3423 ,12006  ,TRIENIOS,,3   ,1     ,7050,0,7050,6694.95
2018,31   ,3423 ,120099 ,RETRIBUCIONES BÁSICAS SUPLENCIAS,,3   ,1     ,14813,0,14813,11465.21
2018,31   ,3423 ,12100  ,COMPLEMENTO DE DESTINO,,3   ,1     ,30030,0,30030,25363.99
2018,31   ,3423 ,12101  ,COMPLEMENTO ESPECÍFICO,,3   ,1     ,85552,0,85552,79648.34
2018,31   ,3423 ,121031 ,OTROS COMPLEMENTOS,,3   ,1     ,4537,0,4537,4822.72
2018,31   ,3423 ,121039 ,RETRIBUCIONES COMPLEMENTARIAS SUPLENCIAS,,3   ,1     ,24592,0,24592,20363.88
2018,31   ,3423 ,13000  ,RETRIBUCIONES BÁSICAS PERSONAL LABORAL FIJO,,3   ,1     ,170797,0,170797,187325.1
2018,31   ,3423 ,13001  ,HORAS EXTRAORDINARIAS PERSONAL LABORAL FIJO,,3   ,1     ,7447,0,7447,7859.38
2018,31   ,3423 ,13002  ,OTRAS REMUNERACIONES PERSONAL LABORAL FIJO,,3   ,1     ,6150,0,6150,5553.75
2018,31   ,3423 ,13199  ,RETRIBUCIONES PERSONAL LABORAL TEMPORAL-SUPLENCIAS,,3   ,1     ,2400,0,2400,0
2018,31   ,3423 ,151    ,GRATIFICACIÓN SERVICIOS FUNCIONARIOS,,3   ,1     ,6396,0,6396,6953.71
2018,31   ,3423 ,16000  ,CUOTAS SEGURIDAD SOCIAL,,3   ,1     ,140219,150000,290219,132480.45
2018,31   ,3411 ,12100  ,COMPLEMENTO DE DESTINO,,3   ,1     ,4356,0,4356,8825.69
2018,31   ,3411 ,12101  ,COMPLEMENTO ESPECÍFICO,,3   ,1     ,9152,0,9152,23060.82
2018,31   ,3411 ,16000  ,CUOTAS SEGURIDAD SOCIAL,,3   ,1     ,6146,0,6146,16387.39
2018,31   ,3411 ,22199  ,FOMENTO ASOC.DEPORTIVA-MATERIAL-TROFEOS,31,34  ,22    ,12000,0,12000,27767.14
2018,31   ,3411 ,227992 ,PREST SERVICIOS FORMACIÓN ENTIDADES,31,34  ,22    ,15000,0,15000,5570
2018,31   ,3411 ,227993 ,GASTOS DIVERSOS ACTIVIDADES DE VERANO,31,34  ,22    ,6000,0,6000,2888.4
2018,31   ,3411 ,48901  ,TRANSF CORRIENTES ASOC.DEPORTIVA,31,34  ,48    ,70000,0,70000,63760
2018,31   ,3411 ,48902  ,CONVENIO CB PRAT PROMOCIÓN BALONCESTO,31,3411,48902 ,220000,75000,295000,295000
2018,31   ,3411 ,48903  ,CONVENIO AE PRAT PROMOCIÓN FUTBOL,31,3411,48903 ,250000,0,250000,250000
2018,31   ,3411 ,48905  ,CONVENIO PRATENC AA,31,3411,48905 ,60000,0,60000,60000
2018,31   ,3411 ,48906  ,BECAS INDIVIDUALES DEPORTE ESCOLAR,31,34  ,48    ,87500,0,87500,771
2018,31   ,3411 ,48908  ,CONVENIO CB TERLENKA,31,3411,48908 ,25000,0,25000,25000
2018,31   ,3411 ,48909  ,CONVENIO CLUB ATLÉTICO PRAT DELTA,31,3411,48909 ,30000,0,30000,30000
2018,31   ,3411 ,48910  ,CONVENIO CLUB NATACIÓN PRAT,31,3411,48910 ,9000,0,9000,9000
2018,31   ,3411 ,48911  ,"CONVENIO ""ASSOCIACIÓ GIMNÀSTICA RÍTMICA RIB. BAIX""",31,3411,48911 ,15000,0,15000,15000
2018,31   ,3411 ,48912  ,CONVENIO CLUB VOLEI PRAT,31,3411,48912 ,18000,0,18000,18000
2018,31   ,3411 ,48913  ,CONVENIO CLUB TRIATLÓ,31,3411,48913 ,6000,0,6000,6000
2018,31   ,3411 ,48914  ,CONVENIO AE BASQUET PRATENC,31,3411,48914 ,8000,0,8000,8000
2018,31   ,3411 ,48915  ,CONVENIO ESCUELA JAIME BALMES,31,3411,48915 ,7200,0,7200,7200
2018,31   ,3411 ,48916  ,CONVENIO IE EL PRAT,31,3411,48916 ,4000,0,4000,3509
2018,31   ,3411 ,48917  ,"CONVENIO JJEE BALONCESTO ""CB PRAT""",31,3411,48917 ,16000,0,16000,11031
2018,31   ,3411 ,48918  ,CONVENIO CONSEJO DEPORTIVO (JJEE+SC),31,3411,48918 ,88000,0,88000,88000
2018,31   ,3411 ,48919  ,"CONVENIO ADECUACIÓN INS. ""CLUB AGILITY BAIX LLOBREGAT""",31,3411,48919 ,20000,0,20000,20000
2018,31   ,3412 ,226093 ,GASTOS NOCHE DEL DEPORTE,31,34  ,22    ,10000,0,10000,10635.82
2018,31   ,3412 ,226094 ,GASTOS FIESTA DE LA ACTIVIDAD FÍSICA I LA SALUD,31,34  ,22    ,6000,0,6000,2771.93
2018,12.  ,9207 ,16000  ,CUOTAS SEGURIDAD SOCIAL,,9   ,1     ,163583,0,163583,120779.24
2018,12.  ,9208 ,12000  ,SUELDOS DEL GRUPO A1,,9   ,1     ,29945,0,29945,27686.03
2018,12.  ,9208 ,12004  ,SUELDOS DEL GRUPO C2,,9   ,1     ,8547,0,8547,16864.12
2018,12.  ,9208 ,12006  ,TRIENIOS,,9   ,1     ,13685,0,13685,12545.48
2018,12.  ,9208 ,12100  ,COMPLEMENTO DE DESTINO,,9   ,1     ,16274,0,16274,18353.08
2018,12.  ,9208 ,12101  ,COMPLEMENTO ESPECÍFICO,,9   ,1     ,33238,0,33238,48934.01
2018,12.  ,9208 ,13000  ,RETRIBUCIONES BÁSICAS PERSONAL LABORAL FIJO,,9   ,1     ,60203,0,60203,61237.46
2018,12.  ,9208 ,16000  ,CUOTAS SEGURIDAD SOCIAL,,9   ,1     ,45127,0,45127,47033.76
2018,12.  ,9209 ,12004  ,SUELDOS DEL GRUPO C2,,9   ,1     ,8547,0,8547,8686.1
2018,12.  ,9209 ,12005  ,SUELDOS DEL GRUPO E,,9   ,1     ,23499,0,23499,15826.1
2018,12.  ,9209 ,12006  ,TRIENIOS,,9   ,1     ,7743,0,7743,6669
2018,12.  ,9209 ,12100  ,COMPLEMENTO DE DESTINO,,9   ,1     ,13577,0,13577,10636.86
2018,12.  ,9209 ,12101  ,COMPLEMENTO ESPECÍFICO,,9   ,1     ,36436,0,36436,28576.28
2018,12.  ,9209 ,13000  ,RETRIBUCIONES BÁSICAS PERSONAL LABORAL FIJO,,9   ,1     ,268986,16939.16,285925.16,280823.1
2018,12.  ,9209 ,13001  ,HORAS EXTRAORDINARIAS PERSONAL LABORAL FIJO,,9   ,1     ,2262,0,2262,1897.57
2018,12.  ,9209 ,16000  ,CUOTAS SEGURIDAD SOCIAL,,9   ,1     ,112626,0,112626,67543.51
2018,12.  ,922  ,466    ,TRANSF FMC,12,922 ,466   ,13000,0,13000,10600.45
2018,12.  ,9231 ,12003  ,SUELDOS DEL GRUPO C1,,9   ,1     ,10084,0,10084,10240.67
2018,12.  ,9231 ,12004  ,SUELDOS DEL GRUPO C2,,9   ,1     ,8547,0,8547,8686.1
2018,12.  ,9231 ,12006  ,TRIENIOS,,9   ,1     ,5238,0,5238,5321.78
2018,12.  ,9231 ,12100  ,COMPLEMENTO DE DESTINO,,9   ,1     ,9353,0,9353,9500.89
2018,12.  ,9231 ,12101  ,COMPLEMENTO ESPECÍFICO,,9   ,1     ,23441,0,23441,24005.09
2018,12.  ,9231 ,16000  ,CUOTAS SEGURIDAD SOCIAL,,9   ,1     ,15499,0,15499,16270.2
2018,12.  ,924  ,22705  ,GASTOS ELECCIONES,12,92  ,22    ,15000,0,15000,0
2018,12.  ,925  ,12003  ,SUELDOS DEL GRUPO C1,,9   ,1     ,10084,0,10084,1316.35
2018,12.  ,925  ,12004  ,SUELDOS DEL GRUPO C2,,9   ,1     ,66549,0,66549,74787.33
2018,12.  ,925  ,12005  ,SUELDOS DEL GRUPO E,,9   ,1     ,15666,0,15666,15845.08
2018,12.  ,925  ,12006  ,TRIENIOS,,9   ,1     ,17273,0,17273,16390.79
2018,12.  ,925  ,12100  ,COMPLEMENTO DE DESTINO,,9   ,1     ,43413,0,43413,43143.77
2018,12.  ,925  ,12101  ,COMPLEMENTO ESPECÍFICO,,9   ,1     ,131908,0,131908,144079.05
2018,12.  ,925  ,13000  ,RETRIBUCIONES BÁSICAS PERSONAL LABORAL FIJO,,9   ,1     ,69143,0,69143,70428.27
2018,12.  ,925  ,16000  ,CUOTAS SEGURIDAD SOCIAL,,9   ,1     ,94155,0,94155,94992.75
2018,12.  ,929  ,22699  ,"GASTOS DIVERSOS, INDEMNIZACIONES, ETC.",12,92  ,22    ,45000,0,45000,45594.05
2018,12.  ,929  ,226991 ,OTROS GASTOS GENERALES,12,92  ,22    ,100000,0,100000,11252.98
2018,12.  ,931  ,12000  ,SUELDOS DEL GRUPO A1,,9   ,1     ,59890,0,59890,26132.45
2018,12.  ,931  ,12001  ,SUELDOS DEL GRUPO A2,,9   ,1     ,13166,0,13166,11692.23
2018,12.  ,931  ,12003  ,SUELDOS DEL GRUPO C1,,9   ,1     ,20168,0,20168,19721.73
2018,12.  ,931  ,12004  ,SUELDOS DEL GRUPO C2,,9   ,1     ,42736,0,42736,39219.61
2018,12.  ,931  ,12006  ,TRIENIOS,,9   ,1     ,25056,0,25056,19236.15
2018,12.  ,931  ,12100  ,COMPLEMENTO DE DESTINO,,9   ,1     ,68285,0,68285,49166.21
2018,12.  ,931  ,12101  ,COMPLEMENTO ESPECÍFICO,,9   ,1     ,190329,0,190329,198866.53
2018,12.  ,931  ,16000  ,CUOTAS SEGURIDAD SOCIAL,,9   ,1     ,98544,0,98544,77255.09
2018,12.  ,932  ,12000  ,SUELDOS DEL GRUPO A1,,9   ,1     ,44917,0,44917,45758.29
2018,12.  ,932  ,12001  ,SUELDOS DEL GRUPO A2,,9   ,1     ,26332,0,26332,11887
2018,12.  ,932  ,12003  ,SUELDOS DEL GRUPO C1,,9   ,1     ,50419,0,50419,48310.19
2018,12.  ,932  ,12004  ,SUELDOS DEL GRUPO C2,,9   ,1     ,42736,0,42736,49266.49
2018,12.  ,932  ,12006  ,TRIENIOS,,9   ,1     ,38136,0,38136,39284.79
2018,12.  ,932  ,12100  ,COMPLEMENTO DE DESTINO,,9   ,1     ,81667,0,81667,72754.83
2018,12.  ,932  ,12101  ,COMPLEMENTO ESPECÍFICO,,9   ,1     ,191820,8022,199842,170853.92
2018,12.  ,932  ,151    ,GRATIFICACIÓN SERVICIOS FUNCIONARIOS,,9   ,1     ,1746,0,1746,136
2018,12.  ,932  ,16000  ,CUOTAS SEGURIDAD SOCIAL,,9   ,1     ,123031,0,123031,116442.72
2018,12.  ,934  ,12000  ,SUELDOS DEL GRUPO A1,,9   ,1     ,14973,0,14973,15216.03
2018,12.  ,934  ,12003  ,SUELDOS DEL GRUPO C1,,9   ,1     ,10084,0,10084,10173.14
2018,12.  ,934  ,12004  ,SUELDOS DEL GRUPO C2,,9   ,1     ,17094,0,17094,17206.54
2018,12.  ,934  ,12006  ,TRIENIOS,,9   ,1     ,8876,0,8876,8960.14
2018,12.  ,934  ,12100  ,COMPLEMENTO DE DESTINO,,9   ,1     ,23040,0,23040,23300.08
2018,12.  ,934  ,12101  ,COMPLEMENTO ESPECÍFICO,,9   ,1     ,47976,0,47976,49559.25
2018,12.  ,934  ,16000  ,CUOTAS SEGURIDAD SOCIAL,,9   ,1     ,31421,0,31421,32501.6
2018,12.  ,934  ,22708  ,GASTOS RECAUDACIÓN ORGT,12,934 ,22708 ,580000,0,580000,417622.53
2018,12.  ,942  ,464    ,ÁREA METROPOLITANA DE BARCELONA,12,942 ,464   ,1307515,0,1307515,1307515
2018,12.  ,943  ,466    ,APORT. COMUNIDAD MUNICIPIOS PLANA GALET,12,943 ,466   ,20000,0,20000,0
2018,13.  ,1522 ,780    ,"TRANSF CAPITAL ASCENSORES, VIVIENDAS Y LOCALES ST COSME",13,1522,780   ,90000,0,90000,27515.89
2018,13.  ,170  ,22602  ,GASTOS DIFUSIÓN PLAYA,13,17  ,22    ,6000,0,6000,5603.51
2018,13.  ,170  ,22799  ,CONTR PREST SERV PLAYA,13,17  ,22    ,5000,0,5000,4923.56
2018,13.  ,170  ,489    ,CUOTAS-APORTACIONES DIVERSAS,13,17  ,48    ,165,0,165,80
2018,13.  ,170  ,48901  ,TRANSF CORRIENTE CRAM,13,170 ,48901 ,30000,0,30000,30000
2018,13.  ,2315 ,11000  ,RETRIBUCIONES BÁSICAS PERSONAL EVENTUAL,,2   ,1     ,14973,0,14973,15216.03
2018,13.  ,2315 ,11001  ,RETRIBUCIONES COMPLEMENTARIAS PERSONAL EVENTUAL,,2   ,1     ,37563,0,37563,38269.91
2018,13.  ,2315 ,12001  ,SUELDOS DEL GRUPO A2,,2   ,1     ,26332,0,26332,14059.79
2018,13.  ,2315 ,12003  ,SUELDOS DEL GRUPO C1,,2   ,1     ,10084,0,10084,745.53
2018,13.  ,2315 ,12004  ,SUELDOS DEL GRUPO C2,,2   ,1     ,8547,0,8547,8581.38
2018,13.  ,2315 ,12006  ,TRIENIOS,,2   ,1     ,7407,0,7407,1053.67
2018,13.  ,2315 ,12100  ,COMPLEMENTO DE DESTINO,,2   ,1     ,20301,0,20301,9790.03
2018,13.  ,2315 ,12101  ,COMPLEMENTO ESPECÍFICO,,2   ,1     ,43844,0,43844,23597.75
2018,13.  ,2315 ,151    ,GRATIFICACIÓN SERVICIOS FUNCIONARIOS,,2   ,1     ,2444,0,2444,1653.37
2018,13.  ,2315 ,16000  ,CUOTAS SEGURIDAD SOCIAL,,2   ,1     ,50246,0,50246,34119.92
2018,13.  ,2315 ,22602  ,PUBLICIDAD Y DIFUSIÓN PLAN ACTUACIÓN SANT COSME,13,23  ,22    ,10000,0,10000,5737.71
2018,13.  ,2315 ,22699  ,GASTOS DIVERSOS PLAN ACTUACIÓN SANT COSME,13,23  ,22    ,10500,0,10500,6824.75
2018,13.  ,2315 ,227991 ,PREST SERVICIOS PLAN ACTUACIÓN SANT COSME,13,23  ,22    ,150000,38785,188785,156184.63
2018,13.  ,2315 ,48901  ,TRANSF CORRIENTE AV SANT COSME (VAMOS HACIENDO BARRIO),13,2315,48901 ,25000,0,25000,25000
2018,13.  ,2315 ,48902  ,"TRANSF CORRIENTE ""FUNDACIÓN SECRETARIADO GITANO""",13,2315,48902 ,85000,10940,95940,95940
2018,13.  ,338  ,22799  ,CONTR PREST SERV ACTOS DE CIUDAD,13,33  ,22    ,35000,-10000,25000,11734.32
2018,13.  ,338  ,489    ,TRANSF CORRIENTE FUNDACIÓN ESPERANZAH,13,338 ,489   ,137600,30000,167600,167600
2018,13.  ,419  ,22602  ,PUBLICIDAD Y DIFUSIÓN AGRICULTURA,13,41  ,22    ,4400,0,4400,9552.95
2018,13.  ,419  ,22699  ,GASTOS DIVERSOS AGRICULTURA,13,41  ,22    ,500,0,500,51.06
2018,13.  ,419  ,22799  ,PRESTACIÓN SERVICIOS AGRICULTURA,13,41  ,22    ,15000,0,15000,10218.41
2018,13.  ,419  ,489    ,TRANSF CORRIENTE AGRICULTURA,13,41  ,48    ,11000,0,11000,11000
2018,13.  ,419  ,48901  ,TRANSF CORRIENTE PARQUE AGRARIO,13,41  ,48    ,20700,0,20700,20700
2018,13.  ,419  ,48902  ,"TRANSF CORRIENTE ""ESPIGOLADORS""",13,419 ,48902 ,9000,0,9000,9000
2018,13.  ,432  ,12001  ,SUELDOS DEL GRUPO A2,,4   ,1     ,13166,0,13166,16322.09
2018,13.  ,432  ,12004  ,SUELDOS DEL GRUPO C2,,4   ,1     ,17094,0,17094,15069.38
2018,13.  ,432  ,12006  ,TRIENIOS,,4   ,1     ,839,0,839,3966.62
2018,13.  ,432  ,12100  ,COMPLEMENTO DE DESTINO,,4   ,1     ,12105,0,12105,13740.24
2018,13.  ,432  ,12101  ,COMPLEMENTO ESPECÍFICO,,4   ,1     ,28486,0,28486,28665.24
2018,13.  ,432  ,13000  ,RETRIBUCIONES BÁSICAS PERSONAL LABORAL FIJO,,4   ,1     ,29756,50000,79756,61962.95
2018,13.  ,432  ,13001  ,HORAS EXTRAORDINARIAS PERSONAL LABORAL FIJO,,4   ,1     ,517,0,517,113.1
2018,13.  ,432  ,16000  ,CUOTAS SEGURIDAD SOCIAL,,4   ,1     ,30458,30000,60458,43244.78
2018,11.  ,9203 ,12006  ,TRIENIOS,,9   ,1     ,16694,0,16694,14362.2
2018,11.  ,9203 ,12100  ,COMPLEMENTO DE DESTINO,,9   ,1     ,34586,0,34586,33525.06
2018,11.  ,9203 ,12101  ,COMPLEMENTO ESPECÍFICO,,9   ,1     ,119522,0,119522,121271.76
2018,11.  ,9203 ,16000  ,CUOTAS SEGURIDAD SOCIAL,,9   ,1     ,43155,0,43155,42146.37
2018,12.  ,011  ,31000  ,INTERESES PRÉSTAMOS LARGO PLAZO,12,011 ,31000 ,12384,0,12384,4652.98
2018,12.  ,011  ,31001  ,INTERÉSES ENDEUDAMIENTO CORTO PLAZO,12,01  ,31    ,10000,0,10000,0
2018,12.  ,011  ,311    ,COMISIONES-GASTOS OP. CRÉDITO,12,01  ,31    ,6000,0,6000,434.05
2018,12.  ,011  ,359    ,OTROS GASTOS FINANCIEROS,12,01  ,35    ,16000,0,16000,11346.68
2018,12.  ,011  ,913    ,AMORT. PRÉSTAMOS ENTIDADES FINANCIERAS,12,011 ,913   ,870000,11937.76,881937.76,875270.97
2018,12.  ,161  ,467    ,TRANSF CONGIAC                                    ,12,161 ,467   ,1,6800,6801,6800
2018,12.  ,161  ,740    ,TRANSFERENC CAPITAL APSA                               ,12,161 ,740   ,300000,168874.64,468874.64,422094.06
2018,12.  ,221  ,16205  ,SEGURO VIDA Y ACCIDENTES,,2   ,1     ,60000,0,60000,45507.43
2018,12.  ,221  ,164    ,AYUDA FAMILIAR ,,2   ,1     ,15302,0,15302,16535.25
2018,12.  ,419  ,621    ,ADQUISICIÓN DE TERRENOS,12,419 ,621   ,15000,0,15000,15000
2018,12.  ,912  ,10000  ,RETRIBUCIONES BÁSICAS ÓRGANOS DE GOBIERNO,,9   ,1     ,129961,-3452.06,126508.94,156654.79
2018,12.  ,912  ,10001  ,OTRAS REMUNERACIONES - ASISTENCIA PLENOS,,9   ,1     ,94396,0,94396,72027.19
2018,12.  ,912  ,16000  ,CUOTAS SEGURIDAD SOCIAL,,9   ,1     ,38559,0,38559,47416.02
2018,12.  ,912  ,489    ,TRANSF CORRIENTES GRUPOS MUNICIPALES,12,91  ,48    ,175500,0,175500,165300
2018,12.  ,920  ,202    ,ALQUILERES VARIOS,12,92  ,20    ,155750,69000,224750,259803.97
2018,12.  ,920  ,209    ,CÁNONES VARIOS,12,92  ,20    ,65000,68308.78,133308.78,85502.35
2018,12.  ,920  ,216    ,MANTENIMIENTO EQUIPOS INFORMÁTICOS/PROGRAMARIO,12,92  ,21    ,420000,0,420000,318266.13
2018,12.  ,920  ,22000  ,MATERIAL DE OFICINA,12,92  ,22    ,125000,0,125000,107250.1
2018,12.  ,920  ,22002  ,MATERIAL INFORMÁTICO NO INVENTARIABLE,12,92  ,22    ,121000,0,121000,95157.4
2018,12.  ,920  ,22104  ,VESTUARIO,12,92  ,22    ,30000,0,30000,11970.18
2018,12.  ,920  ,22200  ,SERVICIOS COMUNICACIÓN TELECOMUNICACIONES,12,92  ,22    ,180000,0,180000,80779.2
2018,12.  ,920  ,22201  ,SERVICIOS COMUNICACIÓN POSTALES,12,92  ,22    ,150000,0,150000,117912.01
2018,12.  ,9205 ,12003  ,SUELDOS DEL GRUPO C1,,9   ,1     ,20168,0,20168,18003.8
2018,12.  ,9205 ,12004  ,SUELDOS DEL GRUPO C2,,9   ,1     ,34189,0,34189,33566.65
2018,12.  ,9205 ,12006  ,TRIENIOS,,9   ,1     ,24879,0,24879,25110.1
2018,12.  ,9205 ,12100  ,COMPLEMENTO DE DESTINO,,9   ,1     ,49027,0,49027,46133.98
2018,12.  ,9205 ,12101  ,COMPLEMENTO ESPECÍFICO,,9   ,1     ,114193,0,114193,111607.4
2018,12.  ,9205 ,16000  ,CUOTAS SEGURIDAD SOCIAL,,9   ,1     ,72117,0,72117,71783.45
2018,12.  ,9206 ,12000  ,SUELDOS DEL GRUPO A1,,9   ,1     ,44918,0,44918,45462.49
2018,12.  ,9206 ,12001  ,SUELDOS DEL GRUPO A2,,9   ,1     ,26332,0,26332,26741.5
2018,12.  ,9206 ,12003  ,SUELDOS DEL GRUPO C1,,9   ,1     ,40335,0,40335,40776.34
2018,12.  ,9206 ,12004  ,SUELDOS DEL GRUPO C2,,9   ,1     ,34189,0,34189,23366.15
2018,12.  ,9206 ,12006  ,TRIENIOS,,9   ,1     ,43092,0,43092,43174.16
2018,12.  ,9206 ,12100  ,COMPLEMENTO DE DESTINO,,9   ,1     ,70100,0,70100,65950.55
2018,12.  ,9206 ,12101  ,COMPLEMENTO ESPECÍFICO,,9   ,1     ,162949,0,162949,162298.52
2018,12.  ,9206 ,13000  ,RETRIBUCIONES BÁSICAS PERSONAL LABORAL FIJO,,9   ,1     ,91339,0,91339,77917.65
2018,12.  ,9206 ,151    ,GRATIFICACIÓN SERVICIOS FUNCIONARIOS,,9   ,1     ,1067,0,1067,3407.18
2018,12.  ,9206 ,16000  ,CUOTAS SEGURIDAD SOCIAL,,9   ,1     ,137958,24456.83,162414.83,130152.35
2018,12.  ,9207 ,12000  ,SUELDOS DEL GRUPO A1,,9   ,1     ,59890,0,59890,24997.76
2018,12.  ,9207 ,12001  ,SUELDOS DEL GRUPO A2,,9   ,1     ,92162,0,92162,79499.26
2018,12.  ,9207 ,12003  ,SUELDOS DEL GRUPO C1,,9   ,1     ,30251,0,30251,26180.35
2018,12.  ,9207 ,12004  ,SUELDOS DEL GRUPO C2,,9   ,1     ,8547,0,8547,8680.26
2018,12.  ,9207 ,12006  ,TRIENIOS,,9   ,1     ,35177,0,35177,28040.04
2018,12.  ,9207 ,12100  ,COMPLEMENTO DE DESTINO,,9   ,1     ,98491,0,98491,70356.82
2018,12.  ,9207 ,12101  ,COMPLEMENTO ESPECÍFICO,,9   ,1     ,242703,-40000,202703,206500.42
2018,12.  ,920  ,224    ,SEGUROS,12,92  ,22    ,192000,0,192000,144686.97
2018,12.  ,920  ,22500  ,TRIBUTOS ESTATALES (Impuesto producción eléctrica),12,92  ,22    ,1000,0,1000,2257.09
2018,12.  ,920  ,22602  ,"ANUNCIOS, PUBLICACIONES, ETC.",12,92  ,22    ,10000,0,10000,15983.89
2018,12.  ,920  ,22603  ,ANUNCIOS DIARIOS OFICIALES,12,92  ,22    ,20000,0,20000,19737.57
2018,12.  ,920  ,22604  ,GASTOS DEFENSA JURÍDICA Y REGISTRAL,12,92  ,22    ,25000,0,25000,14143.67
2018,12.  ,920  ,227061 ,ESTUDIOS Y TRABAJOS TÉCNICOS,12,92  ,22    ,50000,0,50000,14157
2018,12.  ,920  ,227062 ,ESTUDIOS Y TRABAJOS TÉCNICOS TIC,12,92  ,22    ,230000,0,230000,116708.67
2018,12.  ,920  ,22799  ,CONTR PRESTACIÓN DE SERVICIOS,12,92  ,22    ,200000,0,200000,81948.77
2018,12.  ,920  ,23010  ,DIETAS PERSONAL DIRECTIVO,12,92  ,23    ,2658,0,2658,0
2018,12.  ,920  ,23020  ,DIETAS PERSONAL NO DIRECTIVO,12,92  ,23    ,2658,0,2658,2605.31
2018,12.  ,920  ,23110  ,LOCOMOCIÓN PERSONAL DIRECTIVO,12,92  ,23    ,3562,0,3562,309
2018,12.  ,920  ,23120  ,LOCOMOCIÓN PERSONAL NO DIRECTIVO,12,92  ,23    ,3606,0,3606,6147.37
2018,12.  ,920  ,233    ,ASISTENCIA TRIBUNALES,12,92  ,23    ,1800,0,1800,3518.73
2018,12.  ,920  ,467    ,ECONOMIA-TRANSF. LOCALRET,12,920 ,467   ,8000,0,8000,7475.95
2018,12.  ,920  ,489    ,BECAS PERSONAL COLABORADOR,12,92  ,48    ,32000,3500,35500,33888.6
2018,12.  ,920  ,624    ,INVERSIÓN ELEMENTOS DE TRANSPORTE,12,920 ,624   ,50000,187722.31,237722.31,64417.05
2018,12.  ,920  ,626    ,MATERIAL INVENTARIABLE. EQUIPOS PROCESOS INFORMÁTICOS,12,920 ,626   ,50000,694513.36,744513.36,267637.67
2018,12.  ,920  ,629    ,MATERIAL INVENTARIABLE DIVERSO,12,920 ,629   ,50000,467004.15,517004.15,277446.75
2018,12.  ,920  ,830    ,ANTICIPOS REINTEGRABLES PERSONAL,12,920 ,830   ,1000,21000,22000,20663.39
2018,12.  ,9204 ,11000  ,RETRIBUCIONES BÁSICAS PERSONAL EVENTUAL,,9   ,1     ,21884,0,21884,22473.93
2018,12.  ,9204 ,11001  ,RETRIBUCIONES COMPLEMENTARIAS PERSONAL EVENTUAL,,9   ,1     ,50518,0,50518,51401.11
2018,12.  ,9204 ,12003  ,SUELDOS DEL GRUPO C1,,9   ,1     ,50419,0,50419,0
2018,12.  ,9204 ,12004  ,SUELDOS DEL GRUPO C2,,9   ,1     ,8547,0,8547,38843.42
2018,12.  ,9204 ,12006  ,TRIENIOS,,9   ,1     ,2604,0,2604,2646.56
2018,12.  ,9204 ,120099 ,RETRIBUCIONES BÁSICAS SUPLENCIAS,,9   ,1     ,12395,0,12395,18004.24
2018,12.  ,9204 ,12100  ,COMPLEMENTO DE DESTINO,,9   ,1     ,26137,0,26137,15226.16
2018,12.  ,9204 ,12101  ,COMPLEMENTO ESPECÍFICO,,9   ,1     ,56305,0,56305,44970.77
2018,12.  ,9204 ,121030 ,OTROS COMPLEMENTOS PLUS VACACIONES CRITERIO STJUE,,9   ,1     ,112215,0,112215,90855.72
2018,12.  ,9204 ,121039 ,RETRIBUCIONES COMPLEMENTARIAS SUPLENCIAS,,9   ,1     ,17718,0,17718,24760.74
2018,12.  ,9204 ,13000  ,RETRIBUCIONES BÁSICAS PERSONAL LABORAL FIJO,,9   ,1     ,20093,0,20093,42453.97
2018,12.  ,9204 ,13001  ,HORAS EXTRAORDINARIAS PERSONAL LABORAL FIJO,,9   ,1     ,6000,0,6000,2709.21
2018,12.  ,9204 ,130021 ,INCENTIVO PRODUCTIVIDAD PERSONAL LABORAL FIJO,,9   ,1     ,128644,0,128644,111007.63
2018,12.  ,9204 ,130030 ,LABORAL FIJO PLUS VACACIONES CRITERIO STJUE,,9   ,1     ,22000,0,22000,10076.2
2018,12.  ,9204 ,131    ,RETRIBUCIONES PERSONAL LABORAL TEMPORAL,,9   ,1     ,24000,0,24000,5846.78
2018,12.  ,9204 ,131021 ,INCENTIVO PRODUCTIVIDAD NO ABSENTISMO LABORAL TEMP,,9   ,1     ,4732,0,4732,5762.9
2018,12.  ,9204 ,131030 ,LABORAL TEMPORAL PLUS VACACIONES CRITEIO STJUE,,9   ,1     ,14000,0,14000,197.54
2018,12.  ,9204 ,13199  ,RETRIBUCIONES PERSONAL LABORAL TEMPORAL-SUPLENCIAS,,9   ,1     ,1362,0,1362,17035.43
2018,12.  ,9204 ,1432   ,INCENTIVO PRODUCTIVIDAD NO ABSENTISMO OTRA PERSONA,,9   ,1     ,3705,0,3705,6890
2018,12.  ,9204 ,15001  ,INCENTIVO PRODUCTIVIDAD NO ABSENTISMO,,9   ,1     ,356995,0,356995,314567.5
2018,12.  ,9204 ,151    ,GRATIFICACIÓN SERVICIOS FUNCIONARIOS,,9   ,1     ,8000,0,8000,4047.57
2018,12.  ,9204 ,16000  ,CUOTAS SEGURIDAD SOCIAL,,9   ,1     ,108943,0,108943,71388.15
2018,12.  ,9204 ,16104  ,INDEMNIZACIÓN JUBILACIONES ANTICIPADAS,,9   ,1     ,90000,0,90000,71649.05
2018,12.  ,9204 ,16200  ,FORMACIÓN Y PERFECCIONAMIENTO DEL PERSONAL,,9   ,1     ,60000,0,60000,59526.4
2018,12.  ,9205 ,12000  ,SUELDOS DEL GRUPO A1,,9   ,1     ,29945,0,29945,28153.23
2018,12.  ,9205 ,12001  ,SUELDOS DEL GRUPO A2,,9   ,1     ,13166,0,13166,13467.64
2018,11.  ,491  ,4491   ,APORT. PRAT COMUNICACIÓ SL                        ,11,491 ,4491  ,635000,0,635000,599000
2018,11.  ,912  ,10000  ,RETRIBUCIONES BÁSICAS ÓRGANOS DE GOBIERNO,,9   ,1     ,65650,0,65650,66768.53
2018,11.  ,912  ,16000  ,CUOTAS SEGURIDAD SOCIAL,,9   ,1     ,14652,0,14652,14737.58
2018,11.  ,912  ,23000  ,ÓRGANOS DE GOBIERNO-DIETAS,11,91  ,23    ,1900,0,1900,2259.18
2018,11.  ,912  ,23100  ,ÓRGANOS DE GOBIERNO-LOCOMOCIÓN,11,91  ,23    ,7600,7000,14600,8060.15
2018,11.  ,9201 ,11000  ,RETRIBUCIONES BÁSICAS PERSONAL EVENTUAL,,9   ,1     ,21308,0,21308,21601.08
2018,11.  ,9201 ,11001  ,RETRIBUCIONES COMPLEMENTARIAS PERSONAL EVENTUAL,,9   ,1     ,42153,0,42153,42832.47
2018,11.  ,9201 ,12003  ,SUELDOS DEL GRUPO C1,,9   ,1     ,10084,0,10084,10247.69
2018,11.  ,9201 ,12004  ,SUELDOS DEL GRUPO C2,,9   ,1     ,25642,0,25642,25959.47
2018,11.  ,9201 ,12006  ,TRIENIOS,,9   ,1     ,10324,0,10324,10474.08
2018,11.  ,9201 ,12100  ,COMPLEMENTO DE DESTINO,,9   ,1     ,18066,0,18066,18309.84
2018,11.  ,9201 ,12101  ,COMPLEMENTO ESPECÍFICO,,9   ,1     ,58042,0,58042,59796.54
2018,11.  ,9201 ,13000  ,RETRIBUCIONES BÁSICAS PERSONAL LABORAL FIJO,,9   ,1     ,35451,0,35451,36124.33
2018,11.  ,9201 ,151    ,GRATIFICACIÓN SERVICIOS FUNCIONARIOS,,9   ,1     ,165,0,165,0
2018,11.  ,9201 ,16000  ,CUOTAS SEGURIDAD SOCIAL,,9   ,1     ,55286,0,55286,56776.35
2018,11.  ,9201 ,226011 ,ATENCIONES PROTOCOLARIAS,11,92  ,22    ,50000,-7000,43000,41321.21
2018,11.  ,9201 ,226012 ,ATENCIONES HERMANAMIENTOS,11,92  ,22    ,15000,0,15000,0
2018,11.  ,9201 ,22699  ,GASTOS DIVERSOS ALCALDÍA,11,92  ,22    ,11000,0,11000,145.2
2018,11.  ,9201 ,489    ,TRANSF CORRIENTES ALCALDÍA,11,92  ,48    ,3000,0,3000,0
2018,11.  ,9202 ,11000  ,RETRIBUCIONES BÁSICAS PERSONAL EVENTUAL,,9   ,1     ,14973,0,14973,15205.23
2018,11.  ,9202 ,11001  ,RETRIBUCIONES COMPLEMENTARIAS PERSONAL EVENTUAL,,9   ,1     ,37563,0,37563,38244.21
2018,11.  ,9202 ,12001  ,SUELDOS DEL GRUPO A2,,9   ,1     ,39498,0,39498,40007.82
2018,11.  ,9202 ,12003  ,SUELDOS DEL GRUPO C1,,9   ,1     ,10084,0,10084,10247.69
2018,11.  ,9202 ,12006  ,TRIENIOS,,9   ,1     ,4105,0,4105,4366.38
2018,11.  ,9202 ,12100  ,COMPLEMENTO DE DESTINO,,9   ,1     ,21913,0,21913,22215.12
2018,11.  ,9202 ,12101  ,COMPLEMENTO ESPECÍFICO,,9   ,1     ,44263,0,44263,45329.17
2018,11.  ,9202 ,13000  ,RETRIBUCIONES BÁSICAS PERSONAL LABORAL FIJO,,9   ,1     ,30533,0,30533,31052.47
2018,11.  ,9202 ,13001  ,HORAS EXTRAORDINARIAS PERSONAL LABORAL FIJO,,9   ,1     ,1395,0,1395,56.13
2018,11.  ,9202 ,16000  ,CUOTAS SEGURIDAD SOCIAL,,9   ,1     ,60171,-203.66,59967.34,62242.84
2018,11.  ,9202 ,226021 ,COMUNICACIÓN SOCIAL-DIFUSIÓN,11,92  ,22    ,141800,0,141800,141067.74
2018,11.  ,9202 ,226023 ,COMUNICACIÓN INSTITUCIONAL,11,92  ,22    ,200000,72863.6,272863.6,204337.38
2018,11.  ,9203 ,12000  ,SUELDOS DEL GRUPO A1,,9   ,1     ,29945,0,29945,27408.56
2018,11.  ,9203 ,12003  ,SUELDOS DEL GRUPO C1,,9   ,1     ,10084,0,10084,10222.84
2018,11.  ,9203 ,12004  ,SUELDOS DEL GRUPO C2,,9   ,1     ,17094,0,17094,17360.52
2018,41   ,912  ,10000  ,RETRIBUCIONES BÁSICAS ÓRGANOS DE GOBIERNO,,9   ,1     ,53555,0,53555,54485.62
2018,41   ,912  ,16000  ,CUOTAS SEGURIDAD SOCIAL,,9   ,1     ,14652,0,14652,14732.22
2018,41   ,924  ,12001  ,SUELDOS DEL GRUPO A2,,9   ,1     ,13166,0,13166,34315.38
2018,41   ,924  ,12006  ,TRIENIOS,,9   ,1     ,955,0,955,3688
2018,41   ,924  ,12100  ,COMPLEMENTO DE DESTINO,,9   ,1     ,5638,0,5638,15275.29
2018,41   ,924  ,12101  ,COMPLEMENTO ESPECÍFICO,,9   ,1     ,11206,0,11206,41266.01
2018,41   ,924  ,13000  ,RETRIBUCIONES BÁSICAS PERSONAL LABORAL FIJO,,9   ,1     ,100936,0,100936,54048.7
2018,41   ,924  ,13001  ,HORAS EXTRAORDINARIAS PERSONAL LABORAL FIJO,,9   ,1     ,284,0,284,169.1
2018,41   ,924  ,16000  ,CUOTAS SEGURIDAD SOCIAL,,9   ,1     ,41584,0,41584,45899.87
2018,41   ,924  ,22100  ,ELECTRICIDAD HUERTOS CIUDADANOS,41,92  ,22    ,1686,0,1686,0
2018,41   ,924  ,22101  ,CONSUMO AGUA HUERTOS CIUDADANOS,41,92  ,22    ,7500,0,7500,5090
2018,41   ,924  ,22699  ,GASTOS DIVERSOS PARTICIPACIÓN,41,92  ,22    ,45000,0,45000,11498.78
2018,41   ,924  ,226991 ,GASTOS DIVERSOS CIVISMO Y CONVIVENCIA,41,92  ,22    ,5000,0,5000,11977.52
2018,41   ,924  ,226993 ,GASTOS DIVERSOS ACTIVIDADES INMIGRACIÓN,41,92  ,22    ,5000,0,5000,2462.04
2018,43   ,323  ,227992 ,PREST. SERVICIOS ESCUELAS BARRIO SANT COSME,43,32  ,22    ,47000,0,47000,28548
2018,43   ,3231 ,12001  ,SUELDOS DEL GRUPO A2,,3   ,1     ,22413,0,22413,43873.86
2018,43   ,3231 ,12003  ,SUELDOS DEL GRUPO C1,,3   ,1     ,50419,0,50419,25423.42
2018,43   ,3231 ,12005  ,SUELDOS DEL GRUPO E,,3   ,1     ,15666,0,15666,15910.24
2018,43   ,3231 ,12006  ,TRIENIOS,,3   ,1     ,17802,0,17802,17206.4
2018,43   ,3231 ,12100  ,COMPLEMENTO DE DESTINO,,3   ,1     ,37092,0,37092,35971.01
2018,43   ,3231 ,12101  ,COMPLEMENTO ESPECÍFICO,,3   ,1     ,84110,0,84110,97450.14
2018,43   ,3231 ,13000  ,RETRIBUCIONES BÁSICAS PERSONAL LABORAL FIJO,,3   ,1     ,80253,0,80253,88361.14
2018,43   ,3231 ,16000  ,CUOTAS SEGURIDAD SOCIAL,,3   ,1     ,88988,0,88988,87092.37
2018,43   ,3231 ,212    ,GUARDERÍA-CONSERV. Y REPARACIÓN,43,32  ,21    ,36800,0,36800,18196.28
2018,43   ,3231 ,221001 ,ELECTRICIDAD GUARDERÍAS,43,32  ,22    ,4300,0,4300,4106.25
2018,43   ,3231 ,221011 ,CONSUMO AGUA GUARDERÍA,43,32  ,22    ,1805,0,1805,1180.75
2018,43   ,3231 ,221021 ,SUMINISTRO GAS-GUARDERÍA,43,32  ,22    ,6000,0,6000,3952.29
2018,43   ,3231 ,221041 ,VESTUARIO GUARDERÍA,43,32  ,22    ,2500,0,2500,857.76
2018,43   ,3231 ,22105  ,ALIMENTOS-GUARDERÍA,43,32  ,22    ,43318,0,43318,19421.74
2018,43   ,3231 ,22199  ,SUMINISTROS DIVERSOS-GUARDERÍA,43,32  ,22    ,10000,0,10000,5117.27
2018,41   ,924  ,22706  ,ESTUDIOS Y TRABAJOS TÉCNICOS PARTICIPACIÓN,41,92  ,22    ,40000,0,40000,30010.09
2018,41   ,924  ,22707  ,ESTUDIOS Y TRABAJOS TÉCNICOS NUEVA CIUDADANÍA,41,92  ,22    ,20000,0,20000,14471.6
2018,41   ,924  ,22799  ,CONTR PREST SERVICIOS CIVISMO Y CONVIVENCIA,41,92  ,22    ,160000,0,160000,121097.86
2018,41   ,924  ,227991 ,GESTIÓN HUERTOS CIUDADANOS,41,92  ,22    ,38200,0,38200,38412.29
2018,41   ,924  ,227992 ,CONTR PREST SERVICIOS PARTICIPACIÓN CIUDADANA,41,92  ,22    ,150000,0,150000,31047.13
2018,41   ,924  ,227993 ,CONTR PREST SERVICIOS INMIGRACIÓN,41,92  ,22    ,36000,0,36000,28804.8
2018,41   ,924  ,227994 ,"MUESTRA DE ENTIDADES, FORMACIÓN ENTIDADES, ETC.",41,92  ,22    ,36000,0,36000,36952.52
2018,41   ,924  ,227995 ,GESTIÓN VIVIENDAS PARA PERSONAS REFUGIADAS,41,92  ,22    ,14000,-14000,0,0
2018,41   ,924  ,48901  ,TRANSF CORRIENTES PROMOCIÓN CÍVICA,41,92  ,48    ,21800,0,21800,21800
2018,42   ,2316 ,226021 ,PUBLICIDAD-DIFUSIÓN MUJER,42,23  ,22    ,3390,0,3390,12430.89
2018,42   ,2316 ,22606  ,PLAN IGUALDAD MUJER-HOMBRE,42,23  ,22    ,26310,0,26310,39009.28
2018,42   ,2316 ,226991 ,GASTOS DIVERSOS PLAN IGUALDAD MUJER-HOMBRE,42,23  ,22    ,1985,0,1985,1773.38
2018,42   ,2316 ,227991 ,PRESTACIÓN DE SERVICIOS MUJER,42,23  ,22    ,143000,0,143000,93316.66
2018,42   ,2316 ,48901  ,TRANSF CORRIENTES,42,23  ,48    ,7290,0,7290,7279.4
2018,42   ,2317 ,12001  ,SUELDOS DEL GRUPO A2,,2   ,1     ,65830,0,65830,39856.57
2018,42   ,2317 ,12003  ,SUELDOS DEL GRUPO C1,,2   ,1     ,20168,0,20168,11364.02
2018,42   ,2317 ,12004  ,SUELDOS DEL GRUPO C2,,2   ,1     ,17094,0,17094,27112.77
2018,42   ,2317 ,12006  ,TRIENIOS,,2   ,1     ,26700,0,26700,21641
2018,42   ,2317 ,12100  ,COMPLEMENTO DE DESTINO,,2   ,1     ,50266,0,50266,37469.3
2018,42   ,2317 ,12101  ,COMPLEMENTO ESPECÍFICO,,2   ,1     ,110168,0,110168,117081.05
2018,42   ,2317 ,13000  ,RETRIBUCIONES BÁSICAS PERSONAL LABORAL FIJO,,2   ,1     ,133392,0,133392,99208.75
2018,42   ,2317 ,151    ,GRATIFICACIÓN SERVICIOS FUNCIONARIOS,,2   ,1     ,414,0,414,707.94
2018,42   ,2317 ,16000  ,CUOTAS SEGURIDAD SOCIAL,,2   ,1     ,120038,0,120038,97513.72
2018,42   ,326  ,22799  ,PREST SERVICIOS AULAS DE ESTUDIO,42,32  ,22    ,36500,0,36500,35693.41
2018,42   ,327  ,22602  ,PUBLICIDAD-DIFUSIÓN,42,32  ,22    ,1500,0,1500,3517.98
2018,42   ,327  ,22699  ,GASTOS DIVERSOS COOPERACIÓN,42,32  ,22    ,10000,0,10000,1945.33
2018,42   ,327  ,22799  ,CONTR PREST SERVICIOS COOPERACIÓN,42,32  ,22    ,50660,0,50660,56504.55
2018,42   ,327  ,48901  ,TRANSF CORRIENTES PROGRAMAS COOPERACIÓN,42,32  ,48    ,75000,0,75000,75000
2018,42   ,327  ,48902  ,TRANSF CORRIENTES PROMOCIÓN Y COOPERACIÓN,42,32  ,48    ,10000,0,10000,8503
2018,42   ,327  ,48903  ,TRANSF CORRIENTES PROYECTO GIBARA APSA,42,327 ,48903 ,10000,0,10000,0
2018,42   ,327  ,48904  ,TRANSF CORRIENTES PROYECTO EL SALVADOR,42,327 ,48904 ,6000,0,6000,6000
2018,42   ,327  ,48905  ,"TRANS CORRIENTES ""FONS CATALÀ DE COOPERACIÓ""",42,327 ,48905 ,11100,0,11100,9976
2018,42   ,3302 ,13000  ,RETRIBUCIONES BÁSICAS PERSONAL LABORAL FIJO,,3   ,1     ,68349,0,68349,43386.14
2018,42   ,3302 ,131    ,RETRIBUCIONES PERSONAL LABORAL TEMPORAL,,3   ,1     ,10747,0,10747,10845.18
2018,42   ,3302 ,16000  ,CUOTAS SEGURIDAD SOCIAL,,3   ,1     ,24755,0,24755,23664.41
2018,42   ,334  ,226991 ,GASTOS DIVERSOS ACTIVIDADES DE VERANO,42,33  ,22    ,3600,0,3600,3467.86
2018,42   ,334  ,226992 ,GASTOS DIVERSOS ACTIVIDADES JUVENILES,42,33  ,22    ,6500,0,6500,2528
2018,42   ,334  ,22799  ,PLAN JOVEN,42,33  ,22    ,307305,33400,340705,340379.74
2018,42   ,334  ,227991 ,PROYECTO JÓVENES Y MEDIO ABIERTO,42,33  ,22    ,145000,0,145000,130886.25
2018,42   ,334  ,465    ,"TRANSF CONVENIO ""ASS. MOBILITAT INTERN. JOVES""",42,334 ,465   ,2695,0,2695,2555.52
2018,42   ,334  ,48905  ,TRANSF CORRIENTES AGRUPACIÓ CONXITA BUSQUETS,42,334 ,48905 ,10200,0,10200,10200
2018,42   ,334  ,48906  ,TRANSF CORRIENTES CE EL GLOBUS,42,334 ,48906 ,27500,0,27500,27500
2018,42   ,334  ,48907  ,TRANSF CORRIENTES GRUP INFANTIL SANT COSME,42,334 ,48907 ,22000,0,22000,22000
2018,42   ,334  ,48908  ,TRANSF CORRIENTES AE ANTON VILA,42,334 ,48908 ,3100,0,3100,3100
2018,42   ,334  ,48910  ,TRANSF CORRIENTES SANT PERE I SANT PAU,42,334 ,48910 ,3100,0,3100,3100
2018,42   ,334  ,48911  ,TRANSF CORRIENTES IMAGINARIUM,42,334 ,48911 ,1200,0,1200,1200
2018,42   ,334  ,48912  ,TRANSF CORRIENTES SUBVENCIONES PROYECTOS JUVENILES,42,33  ,48    ,4000,0,4000,3999
2018,42   ,334  ,48913  ,BECAS JÓVENES ESTUDIANTES FORMACIÓN GRADO SUPERIOR,42,33  ,48    ,20000,0,20000,18785.76
2018,42   ,912  ,10000  ,RETRIBUCIONES BÁSICAS ÓRGANOS DE GOBIERNO,,9   ,1     ,36724,0,36724,37391.83
2018,42   ,912  ,16000  ,CUOTAS SEGURIDAD SOCIAL,,9   ,1     ,11953,0,11953,12169.61
2018,43   ,320  ,22199  ,SUMINISTROS DIVERSOS,43,32  ,22    ,2000,0,2000,3681.24
2018,43   ,320  ,22602  ,PUBLICIDAD DIFUSIÓN DIRECCIÓN PROM ESCOL,43,32  ,22    ,11600,0,11600,24636.41
2018,43   ,320  ,22699  ,GASTOS DIVERSOS,43,32  ,22    ,7000,0,7000,2565.78
2018,43   ,3200 ,12000  ,SUELDOS DEL GRUPO A1,,3   ,1     ,14973,0,14973,0
2018,43   ,3200 ,12001  ,SUELDOS DEL GRUPO A2,,3   ,1     ,13166,0,13166,26717.74
2018,43   ,3200 ,12003  ,SUELDOS DEL GRUPO C1,,3   ,1     ,10084,0,10084,10773.48
2018,43   ,3200 ,12004  ,SUELDOS DEL GRUPO C2,,3   ,1     ,25642,0,25642,26052.46
2018,43   ,3200 ,12006  ,TRIENIOS,,3   ,1     ,16511,0,16511,16444.84
2018,43   ,3200 ,12100  ,COMPLEMENTO DE DESTINO,,3   ,1     ,31748,0,31748,30460.27
2018,43   ,3200 ,12101  ,COMPLEMENTO ESPECÍFICO,,3   ,1     ,76075,0,76075,82922.86
2018,43   ,3200 ,151    ,GRATIFICACIÓN SERVICIOS FUNCIONARIOS,,3   ,1     ,2408,0,2408,1395.76
2018,43   ,3200 ,16000  ,CUOTAS SEGURIDAD SOCIAL,,3   ,1     ,49453,0,49453,51346.75
2018,43   ,3202 ,12001  ,SUELDOS DEL GRUPO A2,,3   ,1     ,52664,0,52664,61386.95
2018,43   ,3202 ,12006  ,TRIENIOS,,3   ,1     ,10169,0,10169,10227.97
2018,43   ,3202 ,12100  ,COMPLEMENTO DE DESTINO,,3   ,1     ,23194,0,23194,26726.32
2018,43   ,3202 ,12101  ,COMPLEMENTO ESPECÍFICO,,3   ,1     ,46877,0,46877,56426.84
2018,43   ,3202 ,13000  ,RETRIBUCIONES BÁSICAS PERSONAL LABORAL FIJO,,3   ,1     ,32620,0,32620,33168.37
2018,43   ,3202 ,151    ,GRATIFICACIÓN SERVICIOS FUNCIONARIOS,,3   ,1     ,212,0,212,1491
2018,43   ,3202 ,16000  ,CUOTAS SEGURIDAD SOCIAL,,3   ,1     ,49145,0,49145,57492.28
2018,43   ,323  ,226991 ,GASTOS DIVERSOS MEJORA ENSEÑANZA PÚBLICA,43,32  ,22    ,5000,0,5000,3636.42
2018,12.  ,9207 ,13000  ,RETRIBUCIONES BÁSICAS PERSONAL LABORAL FIJO,,9   ,1     ,93906,0,93906,69212.44
2018,31   ,3423 ,212    ,"CEM ESTRUCH, CONSERVACIÓN Y REPARACIÓN",31,34  ,21    ,200000,0,200000,134311.47
2018,41   ,3301 ,12006  ,TRIENIOS,,3   ,1     ,12944,0,12944,13140.97
2018,41   ,3301 ,12100  ,COMPLEMENTO DE DESTINO,,3   ,1     ,19325,0,19325,19612.62
2018,41   ,3301 ,12101  ,COMPLEMENTO ESPECÍFICO,,3   ,1     ,49489,0,49489,50504.43
2018,41   ,3301 ,151    ,GRATIFICACIÓN SERVICIOS FUNCIONARIOS,,3   ,1     ,495,0,495,327.19
2018,41   ,3301 ,16000  ,CUOTAS SEGURIDAD SOCIAL,,3   ,1     ,25036,0,25036,25674.4
2018,41   ,3301 ,22199  ,SUMINISTROS DIVERSOS,41,33  ,22    ,1000,0,1000,1224.06
2018,41   ,3301 ,22699  ,GASTOS DIVERSOS DIRECCIÓN DE ÁREA,41,33  ,22    ,2000,0,2000,1402.26
2018,41   ,3321 ,227991 ,BIBLIOTECA - FOMENTO DE LA LECTURA,41,33  ,22    ,25000,0,25000,23037.23
2018,41   ,3321 ,227992 ,BIBLIOTECA - ADQUISICIÓN DE LIBROS,41,33  ,22    ,30000,0,30000,30178.46
2018,41   ,3322 ,12004  ,SUELDOS DEL GRUPO C2,,3   ,1     ,8547,0,8547,11017.09
2018,41   ,3322 ,12006  ,TRIENIOS,,3   ,1     ,511,0,511,1512.96
2018,41   ,3322 ,12100  ,COMPLEMENTO DE DESTINO,,3   ,1     ,3714,0,3714,4449.16
2018,41   ,3322 ,12101  ,COMPLEMENTO ESPECÍFICO,,3   ,1     ,9152,0,9152,14016.47
2018,41   ,3322 ,13000  ,RETRIBUCIONES BÁSICAS PERSONAL LABORAL FIJO,,3   ,1     ,130521,0,130521,132889.79
2018,41   ,3322 ,151    ,GRATIFICACIÓN SERVICIOS FUNCIONARIOS,,3   ,1     ,510,0,510,200.84
2018,41   ,3322 ,16000  ,CUOTAS SEGURIDAD SOCIAL,,3   ,1     ,45385,0,45385,48343.98
2018,41   ,333  ,12005  ,SUELDOS DEL GRUPO E,,3   ,1     ,31332,0,31332,31446.11
2018,41   ,333  ,12006  ,TRIENIOS,,3   ,1     ,3676,0,3676,3596.91
2018,41   ,333  ,12100  ,COMPLEMENTO DE DESTINO,,3   ,1     ,12294,0,12294,12190.84
2018,41   ,333  ,12101  ,COMPLEMENTO ESPECÍFICO,,3   ,1     ,39398,0,39398,46965.91
2018,41   ,333  ,151    ,GRATIFICACIÓN SERVICIOS FUNCIONARIOS,,3   ,1     ,287,0,287,332.33
2018,41   ,333  ,16000  ,CUOTAS SEGURIDAD SOCIAL,,3   ,1     ,26260,0,26260,21583.5
2018,41   ,333  ,212    ,CONSERV-REP EDIFICIOS-INSTAL CULTURA,41,33  ,21    ,310000,50000,360000,233611.38
2018,41   ,333  ,22100  ,ELECTRICIDAD EDIFICIOS CULTURA,41,33  ,22    ,250000,0,250000,271976.79
2018,41   ,333  ,22101  ,CONSUMO AGUA EDIFICIOS CULTURA,41,33  ,22    ,15730,0,15730,15730
2018,41   ,333  ,22102  ,CONSUMO GAS EDIFICIOS CULTURA,41,33  ,22    ,50000,0,50000,46890.46
2018,41   ,333  ,22700  ,LIMPIEZA EDIFICIOS CULTURA,41,33  ,22    ,649168,0,649168,600058.46
2018,41   ,333  ,227992 ,CONTR PREST SERVICIOS LA CAPSA,41,33  ,22    ,400000,0,400000,392756.8
2018,41   ,333  ,227993 ,CONTR PREST SERVICIOS CC S JORDI-RIBERA BAIXA,41,33  ,22    ,350000,0,350000,339003.19
2018,41   ,333  ,227994 ,CONTR PREST SERVICIOS CC JARDINS DE LA PAU,41,33  ,22    ,265000,0,265000,264999.96
2018,41   ,333  ,227997 ,CONTR PREST SERVICIOS CÈNTRIC,41,33  ,22    ,356000,0,356000,343808.98
2018,41   ,333  ,227998 ,CONTR PREST SERVICIOS CC PALMIRA,41,33  ,22    ,50000,0,50000,6385.21
2018,41   ,333  ,227999 ,CONTR PREST SERVICIOS L'ARTESÀ,41,33  ,22    ,50000,0,50000,0
2018,41   ,334  ,12001  ,SUELDOS DEL GRUPO A2,,3   ,1     ,72413,0,72413,88698.55
2018,41   ,334  ,12003  ,SUELDOS DEL GRUPO C1,,3   ,1     ,90754,0,90754,83057.67
2018,41   ,334  ,12004  ,SUELDOS DEL GRUPO C2,,3   ,1     ,8547,0,8547,8479.7
2018,41   ,334  ,12006  ,TRIENIOS,,3   ,1     ,26928,0,26928,20013.24
2018,41   ,334  ,12100  ,COMPLEMENTO DE DESTINO,,3   ,1     ,86320,0,86320,88075.48
2018,41   ,334  ,12101  ,COMPLEMENTO ESPECÍFICO,,3   ,1     ,189355,196334.19,385689.19,198933.98
2018,41   ,334  ,13000  ,RETRIBUCIONES BÁSICAS PERSONAL LABORAL FIJO,,3   ,1     ,109240,0,109240,165443.14
2018,41   ,334  ,13001  ,HORAS EXTRAORDINARIAS PERSONAL LABORAL FIJO,,3   ,1     ,3513,0,3513,2783.56
2018,41   ,334  ,151    ,GRATIFICACIÓN SERVICIOS FUNCIONARIOS,,3   ,1     ,4242,0,4242,5280.98
2018,41   ,334  ,16000  ,CUOTAS SEGURIDAD SOCIAL,,3   ,1     ,168455,0,168455,187067.33
2018,41   ,334  ,227991 ,ARTES ESCÉNICAS Y MÚSICA,41,33  ,22    ,300000,80000,380000,318563.24
2018,41   ,334  ,227992 ,GASTOS DIVERSOS TEATRE MODERN,41,334 ,227992,6,48281.5,48287.5,23170.76
2018,41   ,334  ,227993 ,CONTR PREST SERVICIOS CINE CAPRI,41,33  ,22    ,18000,0,18000,18000
2018,41   ,334  ,227994 ,ARTES VISUALES,41,33  ,22    ,50000,0,50000,37595.36
2018,41   ,334  ,48901  ,TRANSF CORRIENTES DINAMIZACIÓN MOV ASOCIATIVO,41,33  ,48    ,65000,0,65000,65000
2018,41   ,334  ,48902  ,TRANSF CORRIENTES AMICS DE L'ART DEL PRAT,41,334 ,48902 ,180000,0,180000,180000
2018,41   ,334  ,48903  ,TRANSF CORRIENTES ANIVERSARIOS ENTIDADES,41,33  ,48    ,4500,0,4500,2500
2018,41   ,334  ,48905  ,TRANSF CORRIENTE BANDA DE MUSICA DEL PRAT,41,334 ,48905 ,12000,0,12000,12000
2018,41   ,334  ,48906  ,TRANSF CORRIENTE UNIÓ FILHARMÒNICA,41,334 ,48906 ,12000,0,12000,12000
2018,41   ,334  ,48907  ,TRANS CORRIENTE ASSOCIACIÓ MUSICAL DEL PRAT,41,334 ,48907 ,12000,0,12000,12000
2018,41   ,334  ,48908  ,TRANSF CORRIENTE LA XARXA,41,334 ,48908 ,6000,0,6000,6000
2018,41   ,334  ,48909  ,TRANSF CORRIENTE FEDERACIÓ EL NUS,41,334 ,48909 ,20000,0,20000,20000
2018,41   ,334  ,48910  ,TRANSF CORRIENTES ASSOCIACIÓ GEGANTERA DEL PRAT,41,334 ,48910 ,4000,0,4000,4000
2018,41   ,334  ,48911  ,TRANSF CORRIENTES TEATRE KADDISH,41,334 ,48911 ,60000,0,60000,60000
2018,41   ,334  ,48912  ,TRANSF CORRIENTE COLLA DIABLES DEL PRAT,41,334 ,48912 ,6500,0,6500,6500
2018,41   ,334  ,48913  ,TRANSF CORRIENTE ASSOCIACIÓ GEGANTERA DELTA,41,334 ,48913 ,3000,0,3000,3000
2018,41   ,334  ,48914  ,TRANSF CORRIENTES CENTRO EXTREMEÑO RUTA,41,334 ,48914 ,11000,0,11000,11000
2018,41   ,334  ,48915  ,TRANSF CORRIENTE FEDERACIÓN EXTREMEÑA,41,334 ,48915 ,5500,0,5500,5500
2018,41   ,334  ,48916  ,TRANSF CORRIENTE CENTRE D'ESTUDIS COMARC,41,334 ,48916 ,4500,0,4500,4500
2018,41   ,334  ,48917  ,TRANSF CORRIENTE CASA DE ANDALUCIA,41,334 ,48917 ,13800,0,13800,13800
2018,41   ,334  ,48918  ,TRANSF CORRIENTE CASA DE ARAGÓN                     ,41,334 ,48918 ,11500,0,11500,11500
2018,41   ,334  ,48919  ,TRANSF CORRIENTE CASTELLERS DEL PRAT,41,334 ,48919 ,12000,0,12000,12000
2018,41   ,334  ,48920  ,TRANSF CORRIENTE AMICS DEL PRAT,41,334 ,48920 ,8000,0,8000,8000
2018,41   ,334  ,48921  ,TRANSF CORRIENTE ASCAP,41,334 ,48921 ,6000,0,6000,5712.69
2018,41   ,336  ,22602  ,PUBLICACIÓN BECA INVESTIGACIÓN HISTÓRICA,41,33  ,22    ,3000,0,3000,2271.36
2018,41   ,336  ,22609  ,CONSERVACIÓN Y RESTAURACIÓN DOCUMENTACIÓN,41,33  ,22    ,10000,0,10000,9258.39
2018,41   ,336  ,227991 ,ACTIVIDADES HISTORIA LOCAL,41,33  ,22    ,60000,0,60000,55358.4
2018,41   ,336  ,227992 ,CULTURA POPULAR,41,33  ,22    ,15000,0,15000,0
2018,41   ,336  ,227993 ,SUPORT ARXIVÍSTIC - ORGANITZACIÓ DIPÒSITS,41,33  ,22    ,20000,0,20000,7200
2018,41   ,338  ,226991 ,"CALENDARIO FESTIVO, GASTOS DIVERSOS",41,33  ,22    ,140000,0,140000,115758.3
2018,41   ,338  ,22799  ,"CALENDARIO FESTIVO, CONTR PREST SERVICIOS",41,33  ,22    ,260000,0,260000,249681.27
2018,41   ,338  ,227991 ,FIESTA DEL RIO,41,33  ,22    ,10500,0,10500,8970.95
2018,41   ,338  ,48901  ,TRANSF CORRIENTES FESTIVALES,41,33  ,48    ,20000,-20000,0,0
2018,13.  ,170  ,781    ,TRANSF CAPITAL CRAM,13,170 ,781   ,0,40000,40000,39980.82
2018,41   ,334  ,48923  ,TRANSF CORRIENTES ASOC VECINOS PLAZA CONSTITUCIÓN,41,334 ,48923 ,0,8000,8000,8000
2018,62   ,333  ,632    ,MEJORA EQUIPAMIENTOS CULTURALES,62,333 ,632   ,0,200000,200000,29076.72
2018,21   ,323  ,632    ,MEJORA ESCUELAS,21,323 ,632   ,0,414500,414500,80048.04
2018,62   ,134  ,619    ,MEJORA INFRAEST Y BIENES USO GRAL (MOVILIDAD),62,134 ,619   ,0,612000,612000,0
2018,42   ,2313 ,48903  ,TRANSF CORRIENTES ASOC AADAS,42,2313,48903 ,0,6219.85,6219.85,6219.85
2018,12.  ,419  ,622    ,ADQUISICIÓN DE EDIFICIOS Y OTRAS CONSTRUCCIONES,12,419 ,622   ,0,1250000,1250000,0
2018,21   ,323  ,639    ,MEJORA INSTALACIONES ESCUELAS,21,323 ,639   ,0,290700,290700,65397.92
2018,41   ,924  ,48902  ,TRANSF CORRIENTES CCAR COMISIÓN AYUDA REFUGIADO,41,924 ,48902 ,0,14000,14000,14000
2018,62   ,171  ,619    ,MEJORA INFRANESTRUCTURAS Y BIENES USO GRAL,62,171 ,619   ,0,1722000,1722000,101684.97
2018,41   ,334  ,781    ,TR CAP AS CENTRO CULTURAL ANDALUZ CASA CADIZ,41,334 ,781   ,0,15000,15000,15000
2018,62   ,342  ,632    ,MEJORA EQUIPAMIENTOS DEPORTIVOS,62,342 ,632   ,0,200000,200000,0
2018,42   ,2316 ,48902  ,TRANSF CORRIENTES FUNDACIÓN AGI,42,2316,48902 ,0,6219,6219,6219
2018,21   ,165  ,619    ,INVERSIÓN MEJORA ALUMBRADO,21,165 ,619   ,0,120000,120000,11107.79
2018,62   ,323  ,632    ,MEJORA ESCUELAS,62,323 ,632   ,0,700000,700000,317778.29
2018,41   ,334  ,7811   ,TRANSF CAPITAL ASO VECINOS CASAS DE LA SEDA,41,334 ,7811  ,0,2000,2000,2000
2018,41   ,334  ,48924  ,TRANSF CORRIENTES COLLA DIABLOS EL PRAT,41,334 ,48924 ,0,3000,3000,3000
2018,62   ,920  ,632    ,MEJORA EQUIPAMIENTOS Y SERVICIOS,62,920 ,632   ,0,36000,36000,35635.72
2018,21   ,333  ,639    ,MEJORA INSTALACIONES EQUIPAMIENTOS CULTURALES,21,333 ,639   ,0,50000,50000,13528.53
2018,21   ,171  ,619    ,INV INFRAESTRUCTURAS Y BIENES USO GENERAL,21,171 ,619   ,0,805000,805000,0
2018,41   ,334  ,48925  ,"TRANSF CORRENT ""ASSOC GEGANTERA DELTA""",41,334 ,48925 ,0,1200,1200,1200
2018,41   ,334  ,22699  ,PROGRAMA ARTES EN VIVO E INAGURACIÓN ARTESANO,41,33  ,22    ,0,60500,60500,0
2018,21   ,342  ,6321   ,MEJORA EQUIPAMIENTOS DEPORTIVOS,21,342 ,6321  ,0,1239000,1239000,475968.62
2018,21   ,321  ,632    ,INVERSION MEJORA ESCUELAS,21,321 ,632   ,0,868872,868872,585585.03
2018,43   ,3231 ,226992 ,GASTOS DIVERSOS GUARDERÍA,43,32  ,22    ,6000,0,6000,2728.73
2018,43   ,3231 ,227001 ,LIMPIEZA GUARDERÍA,43,32  ,22    ,143928,0,143928,150280.48
2018,43   ,3231 ,227992 ,CONTR PREST SERVICIOS AUX GUARDERÍA,43,32  ,22    ,102618,0,102618,105787.65
2018,43   ,3231 ,227994 ,CONTR PREST SERVICIOS GUARDERÍA EL CABUSSET,43,32  ,22    ,314294,0,314294,271626.62
2018,43   ,3231 ,227995 ,CONTR PREST SERVICIOS GUARDERÍA LA GRANOTA,43,32  ,22    ,332000,0,332000,305332.3
2018,43   ,3231 ,227996 ,CONTR PREST SERV GUARDERÍA LA BLAVETA,43,32  ,22    ,350899,0,350899,326903.4
2018,43   ,3231 ,489    ,TRANSF CORRIENTES GUARDERÍAS,43,32  ,48    ,133000,0,133000,70420
2018,43   ,3232 ,12005  ,SUELDOS DEL GRUPO E,,3   ,1     ,31332,0,31332,32908.57
2018,43   ,3232 ,12006  ,TRIENIOS,,3   ,1     ,3785,0,3785,3359.79
2018,43   ,3232 ,12100  ,COMPLEMENTO DE DESTINO,,3   ,1     ,12294,0,12294,12756.78
2018,43   ,3232 ,12101  ,COMPLEMENTO ESPECÍFICO,,3   ,1     ,38416,0,38416,47570.65
2018,43   ,3232 ,13000  ,RETRIBUCIONES BÁSICAS PERSONAL LABORAL FIJO,,3   ,1     ,266329,20908.6,287237.6,289878.41
2018,43   ,3232 ,13001  ,HORAS EXTRAORDINARIAS PERSONAL LABORAL FIJO,,3   ,1     ,338,0,338,730.32
2018,43   ,3232 ,16000  ,CUOTAS SEGURIDAD SOCIAL,,3   ,1     ,111681,0,111681,105414.96
2018,43   ,3232 ,212    ,ESCUELAS-CONSERVACIÓN Y REPARACIÓN,43,32  ,21    ,722699,0,722699,511830.28
2018,43   ,3232 ,221002 ,SUBM. ENERGÍA ELÉCTRICA ESCUELAS,43,32  ,22    ,170000,0,170000,161044.68
2018,43   ,3232 ,221012 ,CONSUMO AGUA ESCUELAS,43,32  ,22    ,61210,0,61210,49924.31
2018,43   ,3232 ,221022 ,ESCUELAS-SUBM. GAS,43,32  ,22    ,125000,0,125000,125000
2018,43   ,3232 ,221042 ,VESTUARIO EDUCACIÓN,43,32  ,22    ,12150,0,12150,443.41
2018,43   ,3232 ,227002 ,LIMPIEZA ESCUELAS,43,32  ,22    ,2065716,0,2065716,2086823.07
2018,43   ,326  ,22699  ,GASTOS DIVERSOS SERVICIOS COMPLEMENTARIOS,43,32  ,22    ,1500,0,1500,0
2018,43   ,326  ,226991 ,GASTOS DIVERSOS ACT. FORMACIÓN PADRES Y MADRES,43,32  ,22    ,900,0,900,1056.6
2018,43   ,326  ,227991 ,PREST SERV FORMACIÓN PADRES Y MADRES,43,32  ,22    ,8910,0,8910,4020
2018,43   ,326  ,227993 ,PREST SERV CIUDAD DE LA INFANCIA,43,32  ,22    ,10260,0,10260,10343.21
2018,43   ,326  ,227994 ,PREST SERVICIOS-PATIO ABIERTO,43,32  ,22    ,29000,0,29000,28277.21
2018,43   ,326  ,227995 ,PLAN EDUCATIVO DEL ENTORNO,43,32  ,22    ,137375,0,137375,197377.79
2018,43   ,326  ,227996 ,DINÁMICA EDUCATIVA,43,32  ,22    ,30334,0,30334,29437.2
2018,43   ,326  ,227997 ,SOPORTE FP Y ESTUDIOS POST-OBLIGATORIOS,43,32  ,22    ,52000,0,52000,48071.1
2018,43   ,326  ,227998 ,PROGRAMA EDUCACIÓ-CULTURA-COMUNITAT (ECC),43,32  ,22    ,118664,0,118664,72657.97
2018,43   ,326  ,227999 ,PROYECTO DE IMPULSO DEL INGLÉS ,43,32  ,22    ,196448,0,196448,128696.82
2018,43   ,326  ,489    ,TRANSF CORRIENTES AMPAS,43,32  ,48    ,36450,0,36450,36449.45
2018,43   ,326  ,48901  ,TRANSF CORRIENTES PROYECTOS PEDAGÓGICOS,43,32  ,48    ,30000,0,30000,29269.62
2018,43   ,326  ,48904  ,TRANSF CORRIENTES INST BALDIRI GUILERA ENSEÑANZA M,43,326 ,48904 ,4000,0,4000,0
2018,43   ,326  ,48905  ,TRANSF CORRIENTES LIBROS DE TEXTO Y MAT EDUC,43,32  ,48    ,95000,0,95000,84992.05
2018,43   ,326  ,48907  ,BECAS ALUMNADO ACTIV EXTRAESC COMPLEMENTO,43,32  ,48    ,135000,0,135000,148871.63
2018,43   ,326  ,48908  ,"TRANSF CORRIENTES ""INST LES SALINES""",43,326 ,48908 ,7000,0,7000,7000
2018,43   ,326  ,48909  ,"TRANSF CORRIENTES ""INSTITUT ESCOLA""",43,326 ,48909 ,19221,0,19221,18090
2018,43   ,326  ,48910  ,"TRANSF CORRIENTES ""ESCOLA JAUME BALMES""",43,326 ,48910 ,18125,0,18125,18125
2018,43   ,326  ,48911  ,"TRANSF CORRIENTES ""ESCOLA PEPA COLOMER""",43,326 ,48911 ,6000,0,6000,5858
2018,43   ,326  ,48912  ,"TRANSF CORRIENTES ""LLAR D'INFANTS DUMBO""",43,326 ,48912 ,4645,0,4645,4644.7
2018,43   ,341  ,22799  ,NATACIÓN ESCOLAR CEE CAN RIGOL,43,34  ,22    ,5000,0,5000,3679.06
2018,43   ,912  ,10000  ,RETRIBUCIONES BÁSICAS ÓRGANOS DE GOBIERNO,,9   ,1     ,56514,0,56514,57490.17
2018,43   ,912  ,16000  ,CUOTAS SEGURIDAD SOCIAL,,9   ,1     ,14652,0,14652,14734.16
2018,44   ,1521 ,227991 ,PRESTACIÓN DE SERVICIOS OFICINA DE VIVIENDA,44,15  ,22    ,351210,0,351210,351210
2018,44   ,1521 ,227992 ,CONSTR PREST SERVICIOS VIVIENDA INCLUSIÓN SOCIAL,44,15  ,22    ,38962,-24000,14962,14962
2018,44   ,1521 ,449    ,TRANSF CORR GESTIÓN ALQUILER VIVIENDA SOCIAL,44,1521,449   ,100000,200000,300000,300000
2018,44   ,1521 ,48901  ,TRANSF CORRIENTES PROGRAMA SOCIAL VIVIENDA TRANSITORIA,44,15  ,48    ,8746,0,8746,8746
2018,44   ,1521 ,48902  ,TRANSF CORRIENTES FUNDACIÓ HABITAT 3,44,1521,48902 ,207600,24000,231600,135552.24
2018,44   ,231  ,212    ,CONSERVACIÓN-REPARACIÓN EDIFICIOS S.SOCIALES,44,23  ,21    ,39734,0,39734,30467.96
2018,44   ,231  ,22100  ,ELECTRICIDAD EDIFICIOS SERVICIOS SOCIALES,44,23  ,22    ,27000,0,27000,24193.34
2018,21   ,342  ,632    ,MEJORA EQUIPAMIENTOS DEPORTIVOS,21,342 ,632   ,0,517943.39,517943.39,172036.3
2018,44   ,231  ,22101  ,CONSUMO AGUA EDIFICIOS SERVICIOS SOCIALES,44,23  ,22    ,7190,0,7190,5414.92
2018,44   ,231  ,22102  ,CONSUMO GAS EDIFICIOS SERVICIOS SOCIALES,44,23  ,22    ,16000,0,16000,21386.39
2018,44   ,231  ,22602  ,PUBLICIDAD Y DIFUSIÓN,44,23  ,22    ,6000,0,6000,496.1
2018,44   ,231  ,226992 ,OTROS GASTOS DIRECCIÓN SERVICIOS SOCIALES,44,23  ,22    ,10000,0,10000,519.53
2018,44   ,231  ,22700  ,LIMPIEZA EDIFICIOS SERVICIOS SOCIALES,44,23  ,22    ,232265,0,232265,248561.17
2018,44   ,231  ,464    ,CONVENIO ÁREA METROPOLITANA BCN URGENCIA SOCIAL,44,231 ,464   ,26000,0,26000,26000
2018,44   ,231  ,48901  ,TRANSF CORRIENTES ENTIDADES,44,23  ,48    ,10000,0,10000,5250
2018,44   ,231  ,48902  ,TRANSF CORRIENTES FUNDACIÓ CATALANA DE L'ESPLAI,44,231 ,48902 ,35000,0,35000,35000
2018,44   ,231  ,48903  ,TRANSF CORRIENTES PROYECTOS DE INCLUSIÓN SOCIAL,44,23  ,48    ,10000,0,10000,0
2018,44   ,231  ,48904  ,TRANSF CORRIENTES GATS,44,231 ,48904 ,50000,0,50000,50000
2018,44   ,231  ,48905  ,SUBVENCIONES Y AJUDAS VIVIENDA,44,23  ,48    ,90000,0,90000,21485.92
2018,44   ,2310 ,12000  ,SUELDOS DEL GRUPO A1,,2   ,1     ,14973,0,14973,15216.03
2018,44   ,2310 ,12001  ,SUELDOS DEL GRUPO A2,,2   ,1     ,65830,0,65830,63523.27
2018,44   ,2310 ,12003  ,SUELDOS DEL GRUPO C1,,2   ,1     ,10084,0,10084,18136.67
2018,44   ,2310 ,12004  ,SUELDOS DEL GRUPO C2,,2   ,1     ,51283,0,51283,44121.32
2018,44   ,2310 ,12006  ,TRIENIOS,,2   ,1     ,16359,0,16359,16856.75
2018,44   ,2310 ,12100  ,COMPLEMENTO DE DESTINO,,2   ,1     ,64928,0,64928,66060.26
2018,44   ,2310 ,12101  ,COMPLEMENTO ESPECÍFICO,,2   ,1     ,158659,41560.19,200219.19,161351.6
2018,44   ,2310 ,13000  ,RETRIBUCIONES BÁSICAS PERSONAL LABORAL FIJO,,2   ,1     ,258696,0,258696,272784.46
2018,44   ,2310 ,16000  ,CUOTAS SEGURIDAD SOCIAL,,2   ,1     ,194190,0,194190,180084.13
2018,44   ,2311 ,12001  ,SUELDOS DEL GRUPO A2,,2   ,1     ,223822,0,223822,234992.21
2018,44   ,2311 ,12004  ,SUELDOS DEL GRUPO C2,,2   ,1     ,34189,0,34189,34680.05
2018,44   ,2311 ,12006  ,TRIENIOS,,2   ,1     ,20196,0,20196,18556.19
2018,44   ,2311 ,120099 ,RETRIBUCIONES BÁSICAS SUPLENCIAS,,2   ,1     ,4440,0,4440,0
2018,44   ,2311 ,12100  ,COMPLEMENTO DE DESTINO,,2   ,1     ,116081,0,116081,120194.61
2018,12.  ,150  ,600    ,EXPROP TERRENO PROLONG C SANFELIU (CAL SILET-CANAL),12,150 ,600   ,0,174163.67,174163.67,0
2018,21   ,1532 ,609    ,NUEVAS ORDENACIONES ESPACIO PUBLICO,21,1532,609   ,0,569147.64,569147.64,405630.34
2018,62   ,165  ,619    ,MEJORAS ALUMBRADO PÚBLICO,62,165 ,619   ,0,620624.56,620624.56,284248.42
2018,44   ,2311 ,12101  ,COMPLEMENTO ESPECÍFICO,,2   ,1     ,254092,0,254092,304028.25
2018,44   ,2311 ,121039 ,RETRIBUCIONES COMPLEMENTARIAS SUPLENCIAS,,2   ,1     ,4440,0,4440,0
2018,44   ,2311 ,13000  ,RETRIBUCIONES BÁSICAS PERSONAL LABORAL FIJO,,2   ,1     ,474097,-3415.98,470681.02,516694.83
2018,44   ,2311 ,131    ,RETRIBUCIONES PERSONAL LABORAL TEMPORAL,,2   ,1     ,157215,0,157215,150609.66
2018,44   ,2311 ,13199  ,RETRIBUCIONES PERSONAL LABORAL TEMPORAL-SUPLENCIAS,,2   ,1     ,23500,0,23500,0
2018,44   ,2311 ,151    ,GRATIFICACIÓN SERVICIOS FUNCIONARIOS,,2   ,1     ,399,0,399,304.96
2018,44   ,2311 ,16000  ,CUOTAS SEGURIDAD SOCIAL,,2   ,1     ,424513,22750.23,447263.23,382060.74
2018,44   ,2311 ,204    ,ALQUILER ELEMENTOS DE TRANSPORTE,44,23  ,20    ,32700,0,32700,27448.85
2018,44   ,2311 ,209    ,"CANON ICS USO UBASP ""PUJOL I CAPÇADA""",44,23  ,20    ,20000,0,20000,19271.81
2018,44   ,2311 ,227991 ,CONTR PREST SERVICIOS,44,23  ,22    ,230000,0,230000,217509.18
2018,44   ,2311 ,227992 ,CONTR PRESTACIÓN SERVICIOS SAD DEPENDÉNCIA,44,23  ,22    ,1150000,120000,1270000,1034540
2018,44   ,2311 ,227993 ,CONTR TELEASISTENCIA,44,23  ,22    ,112000,0,112000,104708.49
2018,44   ,2311 ,227994 ,CONTR PRESTACIÓN SERVICIOS SAD ,44,23  ,22    ,420000,60000,480000,365130.82
2018,44   ,2311 ,227995 ,SERVICIO PRELABORAL,44,23  ,22    ,165000,0,165000,167395.63
2018,44   ,2311 ,465    ,TRANSF CORRIENTES EAIA CONSELL COMARCAL,44,2311,465   ,3500,0,3500,3500
2018,44   ,2311 ,46501  ,TRANSF TRANSPORTE ADAPTADO-CONSELL COMARCAL,44,23  ,46    ,120000,-3000,117000,112954.75
2018,44   ,2311 ,489    ,TRANSF CORRIENTES SOPORTE SOCIAL,44,23  ,48    ,366400,140000,506400,388196.8
2018,44   ,2311 ,48901  ,TRANSF CORRIENTES CARITAS,44,2311,48901 ,55000,0,55000,55000
2018,44   ,2311 ,48902  ,TRANSF CORRIENTES CENTRO PROM. SOCIAL FRANCESC PALAU,44,2311,48902 ,90000,0,90000,90000
2018,44   ,2311 ,48903  ,TRANSF CORRIENTES SAO PRAT,44,2311,48903 ,149000,0,149000,149000
2018,44   ,2311 ,48904  ,TRANSF CORRIENTES CRUZ ROJA,44,2311,48904 ,160000,0,160000,160000
2018,44   ,2311 ,48905  ,TRANSF CORRIENTES EDUVIC,44,2311,48905 ,49336,0,49336,49336
2018,44   ,2311 ,48906  ,TRANSF CORRIENTES PUNTO SOLIDARIO,44,23  ,48    ,250000,0,250000,185417.94
2018,44   ,2311 ,48907  ,TRANSF CORRIENTES FUNDACIÓ ECOM,44,2311,48907 ,59600,0,59600,59600
2018,44   ,2312 ,12001  ,SUELDOS DEL GRUPO A2,,2   ,1     ,13166,0,13166,14731.6
2018,44   ,2312 ,12004  ,SUELDOS DEL GRUPO C2,,2   ,1     ,17094,0,17094,17780.94
2018,44   ,2312 ,12006  ,TRIENIOS,,2   ,1     ,3391,0,3391,3340
2018,44   ,2312 ,120099 ,RETRIBUCIONES BÁSICAS SUPLENCIAS,,2   ,1     ,16049,0,16049,21609.74
2018,44   ,2312 ,12100  ,COMPLEMENTO DE DESTINO,,2   ,1     ,13388,0,13388,14030.98
2018,44   ,2312 ,12101  ,COMPLEMENTO ESPECÍFICO,,2   ,1     ,29020,0,29020,33700.56
2018,44   ,2312 ,121031 ,OTROS COMPLEMENTOS,,2   ,1     ,2089,0,2089,2714.89
2018,44   ,2312 ,121039 ,RETRIBUCIONES COMPLEMENTARIAS SUPLENCIAS,,2   ,1     ,23441,0,23441,37608.34
2018,44   ,2312 ,13000  ,RETRIBUCIONES BÁSICAS PERSONAL LABORAL FIJO,,2   ,1     ,365989,64836.67,430825.67,327517.04
2018,44   ,2312 ,13001  ,HORAS EXTRAORDINARIAS PERSONAL LABORAL FIJO,,2   ,1     ,1138,0,1138,1486.21
2018,44   ,2312 ,13002  ,OTRAS REMUNERACIONES PERSONAL LABORAL FIJO,,2   ,1     ,23712,0,23712,25551.91
2018,44   ,2312 ,131    ,RETRIBUCIONES PERSONAL LABORAL TEMPORAL,,2   ,1     ,21701,0,21701,8834.69
2018,44   ,2312 ,13199  ,RETRIBUCIONES PERSONAL LABORAL TEMPORAL-SUPLENCIAS,,2   ,1     ,25093,0,25093,33868.33
2018,44   ,2312 ,151    ,GRATIFICACIÓN SERVICIOS FUNCIONARIOS,,2   ,1     ,996,0,996,1175.56
2018,44   ,2312 ,16000  ,CUOTAS SEGURIDAD SOCIAL,,2   ,1     ,173691,0,173691,164526.41
2018,44   ,2312 ,22100  ,ELECTRICIDAD HUERTOS LÚDICOS,44,23  ,22    ,2000,0,2000,1204.63
2018,44   ,2312 ,22101  ,CONSUMO AGUA HUERTOS LÚDICOS,44,23  ,22    ,15580,0,15580,10064.27
2018,44   ,2312 ,22104  ,VESTUARIO RESIDENCIA DE ANCIANOS,44,23  ,22    ,3150,0,3150,2335.25
2018,44   ,2312 ,22105  ,ALIMENTOS RESIDENCIA DE ANCIANOS,44,23  ,22    ,68000,0,68000,60809.52
2018,44   ,2312 ,22199  ,MATERIAL TÉCNICO RESIDENCIA DE ANCIANOS,44,23  ,22    ,7000,0,7000,8764.98
2018,44   ,2312 ,221991 ,SUMINISTROS DIVERSOS,44,23  ,22    ,3000,0,3000,2455.74
2018,44   ,2312 ,226023 ,PUBLICIDAD-DIFUSIÓN PERSONAS MAYORES,44,23  ,22    ,2890,0,2890,1785.6
2018,44   ,2312 ,226992 ,GASTOS DIVERSOS RESIDENCIA DE ANCIANOS,44,23  ,22    ,5400,0,5400,7896.5
2018,44   ,2312 ,226994 ,GASTOS DIVERSOS ACTIVIDADES PERSONAS MAYORES,44,23  ,22    ,1542,0,1542,868.94
2018,44   ,2312 ,227994 ,GESTIÓN HUERTOS LÚDICOS,44,23  ,22    ,33500,0,33500,19569.36
2018,44   ,2312 ,227995 ,CONTR PREST SERVICIOS PERSONAS MAYORES,44,23  ,22    ,238500,0,238500,231165.07
2018,44   ,2312 ,48903  ,TRANSF CORRIENTES PERSONAS MAYORES,44,23  ,48    ,8000,0,8000,7540
2018,44   ,2312 ,48905  ,"TRANSF CORRIENTES COOP VIVIENDAS, CASAL DE ANCIANOS",44,2312,48905 ,35000,0,35000,35000
2018,44   ,2313 ,227992 ,PRESTACIÓN SERVICIOS INFANCIA-ADOLESCENCIA,44,23  ,22    ,228600,0,228600,234211.4
2018,44   ,2314 ,226992 ,GASTOS DIVERSOS,44,23  ,22    ,6000,0,6000,1034.8
2018,44   ,2314 ,227992 ,CONTR PREST SERVICIOS COLECTIVO NECESIDADES ESPECI.,44,23  ,22    ,45000,0,45000,30681.9
2018,44   ,2314 ,48902  ,TRANSF CORRIENTES DISCAPACITADOS,44,23  ,48    ,8000,0,8000,7999
2018,44   ,2314 ,48904  ,TRANSF CORRIENTES FUNDACIÓ RUBRICATUS,44,2314,48904 ,270000,0,270000,270000
2018,44   ,2314 ,48906  ,TRANSF CORRIENTES DISPRAT-LLEURE,44,2314,48906 ,50000,0,50000,50000
2018,44   ,326  ,48901  ,TRANSF CORRIENTES BECAS COMEDOR ESCOLAR,44,32  ,48    ,210000,0,210000,166373.29
2018,44   ,326  ,48902  ,TRANSF CORRIENTES GUARDERÍAS,44,32  ,48    ,140000,0,140000,118042.6
2018,44   ,326  ,48903  ,TRANSF ACTIVIDADES OCIO SOCIOEDUCATIVO,44,32  ,48    ,144000,0,144000,120528.55
2018,44   ,912  ,10000  ,RETRIBUCIONES BÁSICAS ÓRGANOS DE GOBIERNO,,9   ,1     ,56514,0,56514,57528.8
2018,44   ,912  ,16000  ,CUOTAS SEGURIDAD SOCIAL,,9   ,1     ,14652,0,14652,-14044.57
2018,51   ,241  ,212    ,CONSERVACIÓN-REPARACIÓN EDIFICIO CPE,51,24  ,21    ,70361,0,70361,38903.42
2018,51   ,241  ,22100  ,ELECTRICIDAD CPE,51,24  ,22    ,40000,0,40000,37032.49
2018,51   ,241  ,22101  ,CONSUMO AGUA CPE,51,24  ,22    ,3800,0,3800,3521.05
2018,51   ,241  ,22700  ,LIMPIEZA CPE,51,24  ,22    ,140512,0,140512,125463.61
2018,51   ,2411 ,11000  ,RETRIBUCIONES BÁSICAS PERSONAL EVENTUAL,,2   ,1     ,14973,0,14973,18062.77
2018,51   ,2411 ,11001  ,RETRIBUCIONES COMPLEMENTARIAS PERSONAL EVENTUAL,,2   ,1     ,50518,0,50518,49390.77
2018,51   ,2411 ,12000  ,SUELDOS DEL GRUPO A1,,2   ,1     ,14973,0,14973,15205.23
2018,51   ,2411 ,12001  ,SUELDOS DEL GRUPO A2,,2   ,1     ,13166,0,13166,13370.75
2018,51   ,2411 ,12003  ,SUELDOS DEL GRUPO C1,,2   ,1     ,10084,0,10084,10845.58
2018,51   ,2411 ,12004  ,SUELDOS DEL GRUPO C2,,2   ,1     ,42736,0,42736,34539.33
2018,51   ,2411 ,12005  ,SUELDOS DEL GRUPO E,,2   ,1     ,7833,0,7833,7960.4
2018,51   ,2411 ,12006  ,TRIENIOS,,2   ,1     ,19594,0,19594,19389.21
2018,62   ,933  ,632    ,MEJORA EQUIPAMIENTOS,62,933 ,632   ,0,588687.84,588687.84,424546.93
2018,51   ,2411 ,12100  ,COMPLEMENTO DE DESTINO,,2   ,1     ,38363,0,38363,36018.19
2018,51   ,2411 ,12101  ,COMPLEMENTO ESPECÍFICO,,2   ,1     ,94259,0,94259,88816.93
2018,51   ,2411 ,13000  ,RETRIBUCIONES BÁSICAS PERSONAL LABORAL FIJO,,2   ,1     ,80990,0,80990,100583.31
2018,51   ,2411 ,13001  ,HORAS EXTRAORDINARIAS PERSONAL LABORAL FIJO,,2   ,1     ,980,0,980,1521.75
2018,51   ,2411 ,16000  ,CUOTAS SEGURIDAD SOCIAL,,2   ,1     ,107506,0,107506,107313.34
2018,51   ,2412 ,12001  ,SUELDOS DEL GRUPO A2,51,2412,12001 ,184324,0,184324,176926.34
2018,51   ,2412 ,12004  ,SUELDOS DEL GRUPO C2,51,2412,12004 ,8547,0,8547,8432.07
2018,51   ,2412 ,12006  ,TRIENIOS,51,2412,12006 ,29740,0,29740,29220.09
2018,51   ,2412 ,12100  ,COMPLEMENTO DE DESTINO,51,2412,12100 ,78164,0,78164,74876.7
2018,51   ,2412 ,12101  ,COMPLEMENTO ESPECÍFICO,51,2412,12101 ,151303,20000,171303,169108.95
2018,51   ,2412 ,13000  ,RETRIBUCIONES BÁSICAS PERSONAL LABORAL,51,2412,13000 ,136579,3731.98,140310.98,138864.1
2018,51   ,2412 ,16000  ,CUOTAS SEGURIDAD SOCIAL,51,2412,16000 ,186742,0,186742,181270.72
2018,51   ,2412 ,206    ,ALQUILER EQUIPOS PROCESO INFORMACIÓN,51,2412,206   ,13800,6000,19800,17725.32
2018,51   ,2412 ,22199  ,SUMINISTROS DIVERSOS-FORMACIÓN Y OCUPACIÓN,51,2412,22199 ,27899,41224,69123,45789.37
2018,51   ,2412 ,221991 ,SUMINISTROS DIVERSOS OCUPACIÓN,51,2412,221991,30000,0,30000,8453.75
2018,51   ,2412 ,224    ,SEGUROS,51,2412,224   ,4100,0,4100,941.26
2018,51   ,2412 ,226021 ,PUBLICIDAD Y DIFUSIÓN,51,2412,226021,3000,4510.4,7510.4,6012.14
2018,51   ,2412 ,226022 ,PUBLICIDAD Y DIFUSIÓN,51,2412,226022,3000,0,3000,2382.95
2018,51   ,2412 ,22699  ,GASTOS VARIOS-FORMACIÓN Y OCUPACIÓN,51,2412,22699 ,3240,0,3240,1656.9
2018,51   ,2412 ,226992 ,GASTOS VARIOS-OCUPACIÓN,51,2412,226992,4140,0,4140,1023.4
2018,51   ,2412 ,22799  ,CONTR PREST SERVICIOS-FORMACIÓN Y OCUPACIÓN,51,2412,22799 ,64750,170280,235030,195654.41
2018,51   ,2412 ,227991 ,CONTR PREST SERVICIOS OCUPACIÓN,51,2412,227991,36000,16360.6,52360.6,51564.23
2018,51   ,2412 ,227992 ,CONTR PREST SERVICIOS PROYECTOS DE INSERCIÓN LABORAL,51,2412,227992,120000,0,120000,110500
2018,51   ,2412 ,227994 ,CONT PREST SERVEIS CLUB DE TRABAJO,51,2412,227994,130000,0,130000,0
2018,51   ,2412 ,48911  ,BECAS ALUMNOS PROGRAMAS,51,2412,48911 ,36000,0,36000,220
2018,12.  ,150  ,622    ,ADQUISICIÓN LOCAL (SANT COSME),12,150 ,622   ,0,205100,205100,0
2018,51   ,2413 ,1430   ,PLANES DE OCUPACIÓN,51,2413,1430  ,113105,40872.3,153977.3,140399.4
2018,51   ,2413 ,1431   ,RETRIBUCIONES OTRO PERSONAL,51,2413,1431  ,134227,188444.96,322671.96,205534.66
2018,51   ,2413 ,16000  ,CUOTAS SEGURIDAD SOCIAL,51,2413,16000 ,43087,106457.11,149544.11,116316.12
2018,51   ,2413 ,226023 ,PUBLICIDAD Y DIFUSIÓN,51,2413,226023,10000,0,10000,7655.84
2018,51   ,2413 ,227992 ,DOTACIÓN PREMIOS EL PRAT EMPRÈN,51,2413,227992,2000,0,2000,2000
2018,51   ,2413 ,227993 ,CONTR PREST SERVICIOS ECONOMÍA SOCIAL,51,2413,227993,27140,8545,35685,23891.34
2018,51   ,2413 ,48901  ,TR CORRIENTES EMPRESA INSERCIÓ SAOPRAT SL,51,2413,48901 ,107000,0,107000,107000
2018,51   ,2413 ,48902  ,TRANSF CORRIENTES FUNDACIÓ CASSIA JUST,51,2413,48902 ,62000,0,62000,62000
2018,51   ,2413 ,48903  ,TRANSF CORRIENTES CPS FRANCESC PALAU,51,2413,48903 ,21000,0,21000,21000
2018,51   ,2413 ,48904  ,TRANSF CORRIENTES GATS (LABESOC),51,2413,48904 ,77000,0,77000,77000
2018,51   ,2413 ,48905  ,TR CORR FUNDACIÓ CATALANA DE L'ESPLAI,51,2413,48905 ,99000,0,99000,99000
2018,51   ,2413 ,48906  ,"TRANSF CORRIENTES, AYUDAS A LA CONTRATACIÓN",51,2413,48906 ,250000,-24000,226000,210778.06
2018,51   ,2413 ,48912  ,TRANSF CORRIENTES ECONOMÍA SOCIAL Y COOPERATIVA,51,2413,48912 ,130000,6000,136000,117823.03
2018,51   ,2413 ,48913  ,TRANSF CORRIENTE ASSOCIACIÓ ESPIGOLADORS,51,2413,48913 ,95000,0,95000,95000
2018,51   ,2413 ,48914  ,"TRANSF CORRIENTES ""FUNDACIÓ ESPERANZAH"" -LOCAL-",51,2413,48914 ,43560,0,43560,43560
2018,51   ,2414 ,1430   ,PLANES DE OCUPACIÓN SOC,51,2414,1430  ,12000,466495.2,478495.2,476883
2018,51   ,2414 ,16000  ,CUOTAS SEGURIDAD SOCIAL SOC,51,2414,16000 ,6,150826,150832,149486.09
2018,51   ,2415 ,1430   ,PLANES DE OCUPACIÓN AMB,51,2415,1430  ,12000,172013.13,184013.13,182703.18
2018,51   ,2415 ,16000  ,CUOTAS SEGURIDAD AMB,51,2415,16000 ,6,65970.5,65976.5,61022.49
2018,51   ,2416 ,1430   ,PLANES DE OCUPACIÓN DIPUTACIÓN,51,2416,1430  ,12000,293570,305570,300568.43
2018,51   ,2416 ,16000  ,CUOTAS SEGURIDAD SOCIAL DIBA,51,2416,16000 ,6,105999.7,106005.7,98713.43
2018,51   ,419  ,489    ,APORT. CONSEJO REGULADOR IGP RAZA PRAT,51,419 ,489   ,6000,0,6000,6000
2018,51   ,430  ,13000  ,RETRIBUCIONES BÁSICAS PERSONAL LABORAL FIJO,,4   ,1     ,69815,0,69815,54358.08
2018,51   ,430  ,16000  ,CUOTAS SEGURIDAD SOCIAL,,4   ,1     ,21743,0,21743,17389.38
2018,51   ,430  ,22602  ,PUBLICIDAD Y DIFUSIÓN,51,43  ,22    ,4881,0,4881,14520.06
2018,51   ,430  ,22699  ,GASTOS VARIOS DINAMIZACIÓN COMERCIAL,51,43  ,22    ,2736,15000,17736,4157.26
2018,51   ,430  ,22799  ,CONTR PREST SERVICIOS DINAMIZACIÓN COMERCIAL,51,43  ,22    ,63000,31771.52,94771.52,48772.22
2018,51   ,430  ,461    ,TRANSF CORRENTS PLAN ESTRATÉGICO DE COMERCIO,51,430 ,461   ,10000,164,10164,10164
2018,51   ,430  ,489    ,TRANSF CORRIENTES COMERCIO,51,43  ,48    ,50000,0,50000,41045.37
2018,51   ,430  ,48901  ,TRANSF CORRIENTES COMERCIO PARA FOMENTO ACCESIBILIDAD,51,430 ,4890  ,30000,0,30000,8948.98
2018,51   ,4311 ,22199  ,SUMINISTROS DIVERSOS,51,43  ,22    ,19043,0,19043,37153.45
2018,51   ,4311 ,22602  ,"PUBLICIDAD Y DIFUSIÓN, FERIAS, MUESTRAS, EXP",51,43  ,22    ,7670,0,7670,7005.74
2018,51   ,4311 ,22699  ,"GASTOS DIVERSOS FERIA AVÍCOLA, MUESTRA",51,43  ,22    ,1616,0,1616,1007.63
2018,51   ,4311 ,22799  ,"CONTR PREST SERVICIOS-FERIA AVÍCOLA, MOSTRA CIAL.",51,43  ,22    ,247500,0,247500,213349.19
2018,51   ,4311 ,227991 ,CONTR PREST SERVICIOS PRODUCTO LOCAL,51,43  ,22    ,23000,0,23000,21500.8
2018,51   ,4312 ,212    ,CONSERVACIÓN - REPARACIÓN MERCADO,51,43  ,21    ,15689,0,15689,3050.41
2018,51   ,4312 ,22100  ,ELECTRICIDAD MERCADO MPAL,51,43  ,22    ,15000,0,15000,14519.31
2018,51   ,4312 ,22700  ,LIMPIEZA MERCADO MUNICIPAL,51,43  ,22    ,34018,0,34018,33318.92
2018,51   ,433  ,12001  ,SUELDOS DEL GRUPO A2,,4   ,1     ,52664,5492.76,58156.76,55063.03
2018,51   ,433  ,12003  ,SUELDOS DEL GRUPO C1,,4   ,1     ,10084,0,10084,16721.93
2018,51   ,433  ,12006  ,TRIENIOS,,4   ,1     ,8878,0,8878,8031.85
2018,51   ,433  ,12100  ,COMPLEMENTO DE DESTINO,,4   ,1     ,25628,0,25628,29359.74
2018,51   ,433  ,12101  ,COMPLEMENTO ESPECÍFICO,,4   ,1     ,46402,0,46402,55837.96
2018,51   ,433  ,13000  ,RETRIBUCIONES BÁSICAS PERSONAL LABORAL,,4   ,1     ,80761,3164.86,83925.86,82235.48
2018,51   ,433  ,16000  ,CUOTAS SEGURIDAD SOCIAL,,4   ,1     ,69559,2595.55,72154.55,71917.98
2018,51   ,433  ,22199  ,SUMINISTROS DIVERSOS,51,43  ,22    ,9547,0,9547,3296.86
2018,51   ,433  ,22602  ,PUBLICIDAD Y DIFUSIÓN,51,43  ,22    ,6060,0,6060,4758.53
2018,51   ,433  ,22699  ,GASTOS VARIOS ACTIVIDAD ECONÓMICA,51,43  ,22    ,4719,0,4719,533.12
2018,51   ,433  ,22706  ,DOTACIÓN PREMIOS PLANES DE EMPRESA,51,43  ,22    ,4000,2000,6000,6000
2018,51   ,433  ,22799  ,CONTR PREST SERVICIOS-ACTIV. ECONÓMICA,51,43  ,22    ,56500,3000,59500,58032.7
2018,51   ,433  ,489    ,"TRANSF CORRIENTES, ACT ECONÓMICA Y EMPRENDEDORES",51,43  ,48    ,6000,0,6000,0
2018,51   ,433  ,48901  ,"SUBV COMERCIANTES AV. VGE MONTSERRAT, OBRAS",51,433 ,4890  ,200000,-28771.52,171228.48,169384.48
2018,51   ,433  ,48907  ,"TRANSF CORRIENTES, AYUDAS EMPRENDEDORES",51,43  ,48    ,190000,24000,214000,181454.15
2018,51   ,433  ,4891   ,"TRANSF CORRIENTES, CUOTAS DIVERSAS",51,43  ,48    ,21000,-8164,12836,11822.11
2018,51   ,439  ,489    ,TR CORRIENTES ASOC GASTRONOMIA Y TURISMO,51,439 ,489   ,47400,0,47400,47400
2018,51   ,912  ,10000  ,RETRIBUCIONES BÁSICAS ÓRGANOS DE GOBIERNO,,9   ,1     ,56514,0,56514,57490.17
2018,51   ,912  ,16000  ,CUOTAS SEGURIDAD SOCIAL,,9   ,1     ,14652,0,14652,14734.15
2018,61   ,132  ,204    ,ALQUILERES MATERIALES Y EQUIPOS,61,13  ,20    ,100000,0,100000,52546.1
2018,61   ,132  ,212    ,CONSERV EDIFI INSTAL SEG CIUDADANA,61,13  ,21    ,30938,0,30938,28417.49
2018,61   ,132  ,214    ,POLICÍA LOCAL-VEHÍCULOS,61,13  ,21    ,20000,0,20000,16785.22
2018,61   ,132  ,22100  ,SUBM. ENERGÍA ELÉCTRICA SEGURIDAD CIUDADANA,61,13  ,22    ,13000,0,13000,13000
2018,61   ,132  ,22101  ,CONSUMO AGUA SEG CIUDADANA,61,13  ,22    ,3689,0,3689,2314.29
2018,61   ,132  ,22102  ,CONSUMO GAS SEGURIDAD CIUDADANA,61,13  ,22    ,5000,0,5000,5000
2018,61   ,132  ,22103  ,POLICÍA LOCA-COMBUSTIBLE,61,13  ,22    ,77061,0,77061,29614.39
2018,61   ,132  ,22104  ,VESTUARIO Y EQUIPO POLICÍA LOCAL,61,13  ,22    ,100000,0,100000,62105.82
2018,61   ,132  ,22199  ,"POLICÍA LOCAL, SUM. DIVERSOS",61,13  ,22    ,20000,0,20000,10089.88
2018,61   ,132  ,224    ,POLICÍA LOCAL-SEGUROS,61,13  ,22    ,10000,0,10000,0
2018,61   ,132  ,22602  ,PUBLICIDAD Y PROPAGANDA-SEG. CIUDADANA,61,13  ,22    ,1100,0,1100,6186.27
2018,61   ,132  ,22699  ,GASTOS DIVERSOS-POLICÍA LOCAL,61,13  ,22    ,19000,0,19000,3229.14
2018,61   ,132  ,22706  ,ESTUDIOS Y TRABAJOS TÉCNICOS SEGURIDAD CIUDADANA,61,13  ,22    ,6000,0,6000,45.98
2018,61   ,132  ,22799  ,CONTR PREST SERVICIOS SEG CIUTADANA,61,13  ,22    ,262900,0,262900,254269.66
2018,61   ,132  ,23020  ,POLICÍA LOCAL-DIETAS,61,13  ,23    ,4228,0,4228,0
2018,61   ,132  ,23120  ,POLICÍA LOCAL-TRASLADOS,61,13  ,23    ,4228,0,4228,2718.31
2018,61   ,132  ,481    ,FORMACIÓN Y BECAS,61,13  ,48    ,10000,0,10000,75
2018,61   ,1320 ,12000  ,SUELDOS DEL GRUPO A1,,1   ,1     ,14973,0,14973,1658.22
2018,61   ,1320 ,12001  ,SUELDOS DEL GRUPO A2,,1   ,1     ,13166,0,13166,11938.94
2018,61   ,1320 ,12003  ,SUELDOS DEL GRUPO C1,,1   ,1     ,998292,-26431.61,971860.39,872307.73
2018,61   ,1320 ,12004  ,SUELDOS DEL GRUPO C2,,1   ,1     ,113858,0,113858,70271.94
2018,61   ,1320 ,12006  ,TRIENIOS,,1   ,1     ,241763,0,241763,219616.41
2018,61   ,1320 ,12100  ,COMPLEMENTO DE DESTINO,,1   ,1     ,514228,0,514228,433042.99
2018,61   ,1320 ,12101  ,COMPLEMENTO ESPECÍFICO,,1   ,1     ,1877493,0,1877493,1794282.53
2018,61   ,1320 ,121031 ,OTROS COMPLEMENTOS,,1   ,1     ,282614,0,282614,264198.68
2018,61   ,1320 ,124    ,RETRIBUCIONES FUNC PRÁCTICAS,,1   ,1     ,167635,0,167635,206826.98
2018,61   ,1320 ,13000  ,RETRIBUCIONES BÁSICAS PERSONAL LABORAL FIJO,,1   ,1     ,244797,0,244797,241190.31
2018,61   ,1320 ,13001  ,HORAS EXTRAORDINARIAS PERSONAL LABORAL FIJO,,1   ,1     ,4880,0,4880,6360.96
2018,61   ,1320 ,13002  ,OTRAS REMUNERACIONES PERSONAL LABORAL FIJO,,1   ,1     ,14557,0,14557,13404.34
2018,61   ,1320 ,151    ,GRATIFICACIÓN SERVICIOS FUNCIONARIOS,,1   ,1     ,142018,0,142018,144145.26
2018,61   ,1320 ,16000  ,CUOTAS SEGURIDAD SOCIAL,,1   ,1     ,1315528,-150000,1165528,1082585.6
2018,61   ,1321 ,12000  ,SUELDOS DEL GRUPO A1,,1   ,1     ,29945,0,29945,38333.34
2018,61   ,1321 ,12004  ,SUELDOS DEL GRUPO C2,,1   ,1     ,61367,0,61367,40735.6
2018,61   ,1321 ,12006  ,TRIENIOS,,1   ,1     ,13798,0,13798,12503.91
2018,61   ,1321 ,12100  ,COMPLEMENTO DE DESTINO,,1   ,1     ,43172,0,43172,36032.34
2018,61   ,1321 ,12101  ,COMPLEMENTO ESPECÍFICO,,1   ,1     ,98275,0,98275,87872.62
2018,61   ,1321 ,16000  ,CUOTAS SEGURIDAD SOCIAL,,1   ,1     ,70915,0,70915,62552.27
2018,61   ,135  ,12001  ,SUELDOS DEL GRUPO A2,,1   ,1     ,26332,0,26332,21233.06
2018,61   ,135  ,12006  ,TRIENIOS,,1   ,1     ,11275,0,11275,9068.83
2018,61   ,135  ,12100  ,COMPLEMENTO DE DESTINO,,1   ,1     ,14605,0,14605,11373.25
2018,61   ,135  ,12101  ,COMPLEMENTO ESPECÍFICO,,1   ,1     ,33970,0,33970,25543.54
2018,61   ,135  ,16000  ,CUOTAS SEGURIDAD SOCIAL,,1   ,1     ,20840,0,20840,16362.46
2018,62   ,150  ,6391   ,MEJORA INSTALACIONES,62,150 ,6391  ,0,66559.37,66559.37,57151.75
2018,61   ,135  ,22199  ,MATERIAL DIVERSO-PROTECCIÓN CIVIL,61,13  ,22    ,4000,0,4000,1076.84
2018,61   ,135  ,22602  ,PUBLICIDAD Y DIFUSIÓN-PROTECCIÓN CIVIL,61,13  ,22    ,1000,0,1000,0
2018,61   ,135  ,22706  ,ESTUDIOS Y TRABAJOS TÉCNICOS PROTECCIÓN CIVIL,61,13  ,22    ,6000,0,6000,3025
2018,62   ,1500 ,12000  ,SUELDOS DEL GRUPO A1,,1   ,1     ,14973,0,14973,1076.9
2018,62   ,1500 ,12003  ,SUELDOS DEL GRUPO C1,,1   ,1     ,40335,0,40335,26787.23
2018,62   ,1500 ,12004  ,SUELDOS DEL GRUPO C2,,1   ,1     ,59830,0,59830,53372.05
2018,62   ,1500 ,12005  ,SUELDOS DEL GRUPO E,,1   ,1     ,7833,0,7833,7960.4
2018,62   ,1500 ,12006  ,TRIENIOS,,1   ,1     ,24418,0,24418,19508.91
2018,62   ,1500 ,12100  ,COMPLEMENTO DE DESTINO,,1   ,1     ,55345,0,55345,40208.61
2018,62   ,1500 ,12101  ,COMPLEMENTO ESPECÍFICO,,1   ,1     ,149830,0,149830,123808.27
2018,62   ,1500 ,121031 ,OTROS COMPLEMENTOS,,1   ,1     ,2576,0,2576,1890.06
2018,62   ,1500 ,13000  ,RETRIBUCIONES BÁSICAS PERSONAL LABORAL FIJO,,1   ,1     ,258718,0,258718,260647.37
2018,62   ,1500 ,13001  ,HORAS EXTRAORDINARIAS PERSONAL LABORAL FIJO,,1   ,1     ,1939,0,1939,4395.52
2018,62   ,1500 ,13002  ,OTRAS REMUNERACIONES PERSONAL LABORAL FIJO,,1   ,1     ,660,0,660,649.52
2018,62   ,1500 ,151    ,GRATIFICACIÓN SERVICIOS FUNCIONARIOS,,1   ,1     ,11204,0,11204,9740.83
2018,62   ,1500 ,16000  ,CUOTAS SEGURIDAD SOCIAL,,1   ,1     ,183217,0,183217,160226.22
2018,62   ,1500 ,214    ,REPARACIÓN VEHÍCULOS,62,15  ,21    ,65000,0,65000,61359.63
2018,62   ,1500 ,221031 ,COMBUSTIBLE VEHÍCULOS,62,15  ,22    ,76552,0,76552,38120.01
2018,62   ,1500 ,22104  ,VESTUARIO BRIGADA,62,15  ,22    ,66000,0,66000,26682.63
2018,62   ,1500 ,22199  ,"BRIGADA, MATERIAL TÉCNICO",62,15  ,22    ,25000,0,25000,17531.73
2018,62   ,1500 ,224    ,SEGUROS VEHÍCULOS,62,15  ,22    ,13100,0,13100,24585.35
2018,62   ,1501 ,12004  ,SUELDOS DEL GRUPO C2,,1   ,1     ,8547,0,8547,8686.1
2018,62   ,1501 ,12005  ,SUELDOS DEL GRUPO E,,1   ,1     ,7833,0,7833,7922.45
2018,62   ,1501 ,12006  ,TRIENIOS,,1   ,1     ,4131,0,4131,4192.73
2018,62   ,1501 ,12100  ,COMPLEMENTO DE DESTINO,,1   ,1     ,6788,0,6788,6883.33
2018,62   ,171  ,6191   ,MEJORA PARQUES Y JARDINES,62,171 ,6191  ,0,706083,706083,86553.84
2018,62   ,1532 ,619    ,INVERSIÓN MEJORA EN EL ESPACIO PÚBLICO,62,1532,619   ,0,2785371,2785371,1124996.9
2018,62   ,1501 ,12101  ,COMPLEMENTO ESPECÍFICO,,1   ,1     ,22963,0,22963,29758.06
2018,62   ,1501 ,121031 ,OTROS COMPLEMENTOS,,1   ,1     ,4752,0,4752,4424.24
2018,62   ,1501 ,13000  ,RETRIBUCIONES BÁSICAS PERSONAL LABORAL FIJO,,1   ,1     ,256982,27817.83,284799.83,279771.94
2018,62   ,1501 ,13001  ,HORAS EXTRAORDINARIAS PERSONAL LABORAL FIJO,,1   ,1     ,12751,0,12751,11724.87
2018,62   ,1501 ,13002  ,OTRAS REMUNERACIONES PERSONAL LABORAL FIJO,,1   ,1     ,5680,0,5680,5170.8
2018,62   ,1501 ,151    ,GRATIFICACIÓN SERVICIOS FUNCIONARIOS,,1   ,1     ,2021,0,2021,1743.27
2018,62   ,1501 ,16000  ,CUOTAS SEGURIDAD SOCIAL,,1   ,1     ,120678,0,120678,110056.13
2018,62   ,1532 ,12001  ,SUELDOS DEL GRUPO A2,,1   ,1     ,13166,0,13166,28120.25
2018,62   ,1532 ,12003  ,SUELDOS DEL GRUPO C1,,1   ,1     ,10084,0,10084,3129.26
2018,62   ,1532 ,12004  ,SUELDOS DEL GRUPO C2,,1   ,1     ,94019,0,94019,65750.63
2018,62   ,1532 ,12005  ,SUELDOS DEL GRUPO E,,1   ,1     ,31332,0,31332,30229.12
2018,62   ,1532 ,12006  ,TRIENIOS,,1   ,1     ,13722,0,13722,7542.62
2018,62   ,1532 ,12100  ,COMPLEMENTO DE DESTINO,,1   ,1     ,64428,0,64428,54622.64
2018,62   ,1532 ,12101  ,COMPLEMENTO ESPECÍFICO,,1   ,1     ,210999,0,210999,222850.23
2018,62   ,1532 ,121031 ,OTROS COMPLEMENTOS,,1   ,1     ,11077,0,11077,7360.04
2018,62   ,1532 ,13000  ,RETRIBUCIONES BÁSICAS PERSONAL LABORAL FIJO,,1   ,1     ,363293,0,363293,377444.6
2018,62   ,1532 ,13001  ,HORAS EXTRAORDINARIAS PERSONAL LABORAL FIJO,,1   ,1     ,9719,0,9719,6253.96
2018,62   ,1532 ,13002  ,OTRAS REMUNERACIONES PERSONAL LABORAL FIJO,,1   ,1     ,10149,0,10149,14801.16
2018,62   ,1532 ,151    ,GRATIFICACIÓN SERVICIOS FUNCIONARIOS,,1   ,1     ,9766,0,9766,6354.14
2018,62   ,1532 ,16000  ,CUOTAS SEGURIDAD SOCIAL,,1   ,1     ,282769,45142.06,327911.06,286552.74
2018,62   ,1532 ,210    ,VIAS PÚBLICAS CONSERV-REPARACIÓN,62,15  ,21    ,550000,0,550000,262998.22
2018,62   ,1532 ,213    ,"BRIGADA, CONSERV-REP MÁQUINAS-INSTAL",62,15  ,21    ,5000,0,5000,11458.89
2018,62   ,1532 ,2191   ,SUBM. MOBILIARIO URBANO,62,15  ,21    ,105000,0,105000,86501.17
2018,62   ,1532 ,22101  ,"CONSUMO AGUA VIAS PÚBLICAS, PARQUES, ETC",62,15  ,22    ,225000,0,225000,228701
2018,62   ,1532 ,223    ,GASTOS TRANSPORTES,62,15  ,22    ,3000,0,3000,568.85
2018,12.  ,133  ,82120  ,PRESTAMO EMPRESA MUNICIPAL PRAT ESPAIS,12,133 ,82120 ,0,10900000,10900000,6800000
2018,62   ,1532 ,22699  ,CONSERV Y MANT V PÚBLICA GASTOS DIVERSOS,62,15  ,22    ,3000,0,3000,448.15
2018,62   ,1532 ,226991 ,OTROS GASTOS EJECUCIONES SUBSIDIARIAS,62,1532,226991,6,37519.77,37525.77,23169.4
2018,62   ,160  ,22700  ,"ALCANTARILLADO, CONT PREST SERVICIOS",62,16  ,22    ,730782,0,730782,549875.54
2018,62   ,1621 ,22700  ,"RECOGIDA, ELIMINACIÓN Y TRATAMIENTO DE RESIDUOS",62,16  ,22    ,2904432,0,2904432,2602429.48
2018,62   ,163  ,22700  ,LIMPIEZA VIARIA,62,16  ,22    ,6161727,0,6161727,5593580.38
2018,62   ,165  ,22100  ,CONSUMO ELÉCTRICO ALUMBRADO PÚBLICO,62,16  ,22    ,586000,0,586000,620844.67
2018,62   ,165  ,22199  ,"ALUMBRADO PÚBLICO, MATERIAL TÉCNICO",62,16  ,22    ,25000,0,25000,7707.74
2018,62   ,165  ,22799  ,"ALUMBRADO PÚBLICO, PREST SERVICIOS",62,16  ,22    ,729046,0,729046,606806.59
2018,62   ,171  ,13000  ,RETRIBUCIONES BÁSICAS PERSONAL LABORAL FIJO,,1   ,1     ,22384,0,22384,47171.8
2018,62   ,171  ,13001  ,HORAS EXTRAORDINARIAS PERSONAL LABORAL FIJO,,1   ,1     ,875,0,875,122.76
2018,62   ,171  ,13002  ,OTRAS REMUNERACIONES PERSONAL LABORAL FIJO,,1   ,1     ,660,0,660,1253.08
2018,62   ,171  ,16000  ,CUOTAS SEGURIDAD SOCIAL,,1   ,1     ,8654,0,8654,18229.15
2018,62   ,171  ,210    ,CONSERV-MANTENIMIENTO PARQUES Y JARDINES,62,17  ,21    ,1234406,180055,1414461,1074654.95
2018,62   ,912  ,10000  ,RETRIBUCIONES BÁSICAS ÓRGANOS DE GOBIERNO,,9   ,1     ,56514,0,56514,57490.17
2018,62   ,912  ,16000  ,CUOTAS SEGURIDAD SOCIAL,,9   ,1     ,14652,0,14652,14734.16
2018,62   ,920  ,212    ,EDIFICIOS-INSTL MPALS CONSERV-REPARACIÓN,62,92  ,21    ,620354,0,620354,502231.92
2018,62   ,920  ,22100  ,ELECTRICIDAD EDIFICIOS MPALS,62,92  ,22    ,215000,0,215000,210516.34
2018,62   ,920  ,22101  ,CONSUMO AGUA EDIFICIOS MPALS,62,92  ,22    ,41000,0,41000,35299.63
2018,62   ,920  ,22102  ,CONSUMO GAS EDIFICIOS MUNICIPALES,62,92  ,22    ,10000,0,10000,8928.36
2018,62   ,920  ,22700  ,LIMPIEZA EDIFICIOS MUNICIPALES,62,92  ,22    ,523365,0,523365,523928.55
2018,62   ,920  ,22799  ,CONTR PREST SERVICIOS INFRAES VARIAS,62,92  ,22    ,149000,34442,183442,138416.97
2018,21   ,171  ,609    ,MEJORAS PAISAJÍSTICAS,21,171 ,609   ,0,66560.44,66560.44,26404.85
2018,21   ,322  ,622    ,IES ANTIGUA ESCUELA DEL PARQUE,21,322 ,622   ,0,2555864.87,2555864.87,1105271.58
